customer_id,customer_name,gender,age,home_address,zip_code,city,state,country
1,Nama 1,Female,30,8606 Victoria TerraceSuite 560,5464,Johnstonhaven,Northern Territory,Australia
2,Nama 2,Female,69,8327 Kirlin SummitApt. 461,8223,New Zacharyfort,South Australia,Australia
3,Nama 3,Female,59,269 Gemma SummitSuite 109,5661,Aliburgh,Australian Capital Territory,Australia
4,Nama 4,Female,67,743 Bailey GroveSuite 141,1729,South Justinhaven,Queensland,Australia
5,Nama 5,Female,30,48 Hyatt ManorSuite 375,4032,Griffithsshire,Queensland,Australia
6,Nama 6,Female,40,7118 Mccullough SquareSuite 639,9996,Blakehaven,New South Wales,Australia
7,Nama 7,Female,76,92 Hills Station StApt. 683,793,Masonfurt,Queensland,Australia
8,Nama 8,Female,75,383 Muller SummitSuite 809,7681,Samside,Northern Territory,Australia
9,Nama 9,Male,51,57 Greenfelder HillApt. 077,2,Beierport,Northern Territory,Australia
10,Nama 10,Female,70,615 Hayley KnollSuite 454,2118,Joelburgh,Western Australia,Australia
11,Nama 11,Female,39,96 Daniel PlaceSuite 898,7400,Georgeland,Northern Territory,Australia
12,Nama 12,Female,78,66 Kayla MewsSuite 951,6334,Taylorburgh,South Australia,Australia
13,Nama 13,Male,42,16 Kuhn LoopSuite 442,6170,Maddisonmouth,Queensland,Australia
14,Nama 14,Female,36,403 Doherty RunSuite 497,2050,North Benjaminville,New South Wales,Australia
15,Nama 15,Female,34,254 Ali RidgeApt. 350,491,Kiehnburgh,Western Australia,Australia
16,Nama 16,Male,75,424 Mason PlaceApt. 181,6438,New Kai,Victoria,Australia
17,Nama 17,Female,32,29 Imogen CrestSuite 275,8309,Lake Graceside,Australian Capital Territory,Australia
18,Nama 18,Male,79,13 Bailey ManorApt. 848,7171,Walterland,New South Wales,Australia
19,Nama 19,Female,41,002 Beau PlazaApt. 308,7053,West Bailey,Victoria,Australia
20,Nama 20,Female,55,2069 Phoebe MallApt. 543,6318,East Audrey,South Australia,Australia
21,Nama 21,Female,31,93 Doherty MewsSuite 649,1133,South Callum,Tasmania,Australia
22,Nama 22,Female,20,292 Casper IslandSuite 778,6624,Maxberg,Victoria,Australia
23,Nama 23,Female,32,682 Rose CircleApt. 514,1832,North Mia,Tasmania,Australia
24,Nama 24,Female,49,75 Williamson MewsSuite 864,4359,Charliebury,Northern Territory,Australia
25,Nama 25,Female,75,02 Gabriella PlazaApt. 474,9311,Olivershire,Victoria,Australia
26,Nama 26,Female,50,499 Darcy CrestApt. 192,8816,New Oliverside,New South Wales,Australia
27,Nama 27,Female,55,6578 Kayla AvenueSuite 812,3462,Lake Alanafort,Western Australia,Australia
28,Nama 28,Female,79,360 Heller DriveApt. 052,5820,West Noah,Queensland,Australia
29,Nama 29,Male,20,52 Kayla CircuitSuite 332,5308,North Matildamouth,Queensland,Australia
30,Nama 30,Female,38,612 Jessica TerraceApt. 847,7110,Jetttown,Australian Capital Territory,Australia
31,Nama 31,Female,36,471 Bahringer ManorApt. 236,756,Dickensberg,Northern Territory,Australia
32,Nama 32,Female,32,98 Becker LoopApt. 567,1822,Port Archiemouth,Queensland,Australia
33,Nama 33,Male,44,639 Farrell HillSuite 093,4116,Chaseshire,South Australia,Australia
34,Nama 34,Female,55,09 Robinson SquareApt. 647,5387,Sauerfort,Western Australia,Australia
35,Nama 35,Male,80,3168 Bartoletti CrescentSuite 878,593,Port Lucas,Queensland,Australia
36,Nama 36,Female,27,41 Durgan IslandApt. 820,5691,Hamishfurt,Queensland,Australia
37,Nama 37,Male,75,3307 Walsh JunctionSuite 233,9751,Violetville,Western Australia,Australia
38,Nama 38,Male,34,2958 Dooley Station StSuite 879,1920,Lake Lilly,Australian Capital Territory,Australia
39,Nama 39,,80,7440 Cameron Estate DrSuite 628,4622,North Victoriachester,Northern Territory,Australia
40,Nama 40,Female,59,9484 Amelia View RdApt. 760,9767,Port Claudia,New South Wales,Australia
41,Nama 41,Male,65,647 Violet Estate DrSuite 364,4320,Port Ella,New South Wales,Australia
42,Nama 42,Female,37,778 Wilkinson RidgeSuite 101,268,Gabriellatown,Victoria,Australia
43,Nama 43,Female,34,75 Keeling JunctionSuite 483,1490,South Kaiview,Queensland,Australia
44,Nama 44,Female,60,6308 Amelie MeadowSuite 634,9842,Eliburgh,Tasmania,Australia
45,Nama 45,Male,27,3101 Thomson ManorApt. 600,1796,Leofurt,Australian Capital Territory,Australia
46,Nama 46,Female,68,708 Daniel MeadowSuite 246,5087,Bartolettiside,Australian Capital Territory,Australia
47,Nama 47,Female,54,59 Wood DriveSuite 806,9780,Lake Nicholasfurt,Western Australia,Australia
48,Nama 48,Male,79,78 Nguyen MallApt. 116,4761,Heathcotemouth,New South Wales,Australia
49,Nama 49,Female,56,30 Watson WayApt. 179,2511,Port Alyssa,Queensland,Australia
50,Nama 50,Female,63,13 Stokes SummitApt. 125,5725,East Aidan,Western Australia,Australia
51,Nama 51,Female,52,59 Hand ManorApt. 544,6322,South Evaport,Northern Territory,Australia
52,Nama 52,Male,47,012 Cooper MallApt. 259,841,Chelseahaven,Victoria,Australia
53,Nama 53,Male,51,9369 Casper Estate DrApt. 122,9225,Lake Kaylastad,South Australia,Australia
54,Nama 54,Female,62,2912 Adams JunctionSuite 740,5575,West Alyssa,Queensland,Australia
55,Nama 55,Female,45,91 Angelina RidgeApt. 435,9871,Lake Phoenixside,South Australia,Australia
56,Nama 56,Female,33,673 Amelie MewsApt. 346,6829,Brownburgh,New South Wales,Australia
57,Nama 57,Male,65,84 Natalie RunSuite 762,614,Kellyshire,Australian Capital Territory,Australia
58,Nama 58,Female,39,260 Lily PassSuite 549,2783,Amelieburgh,New South Wales,Australia
59,Nama 59,Male,58,629 Hoppe BoulevardSuite 590,7934,Boylefort,New South Wales,Australia
60,Nama 60,Female,20,8095 Kuhlman StreetApt. 657,4907,New Callum,Tasmania,Australia
61,Nama 61,Female,65,00 Zachary AvenueApt. 781,4358,Samuelland,South Australia,Australia
62,Nama 62,Female,32,049 Imogen StreetSuite 299,2404,New Beaumouth,Australian Capital Territory,Australia
63,Nama 63,Female,78,013 Edward ParadeApt. 499,5140,Kossfort,Victoria,Australia
64,Nama 64,Female,75,4927 Alice MeadowApt. 960,7787,Sanfordborough,South Australia,Australia
65,Nama 65,Female,64,650 Gabriel MeadowSuite 946,5937,Feilchester,South Australia,Australia
66,Nama 66,Female,34,6677 Gemma PlazaApt. 314,964,South Elimouth,South Australia,Australia
67,Nama 67,Male,59,928 Johnson View RdApt. 583,5630,Lucamouth,South Australia,Australia
68,Nama 68,Female,23,373 Little JunctionApt. 299,6751,West Justin,Western Australia,Australia
69,Nama 69,Female,79,473 Leo CourtSuite 784,8820,East Sofia,Victoria,Australia
70,Nama 70,Female,48,026 D'amore RunSuite 187,770,Codyview,Northern Territory,Australia
71,Nama 71,Female,63,50 Stella CourtSuite 087,1365,Lake Holly,Western Australia,Australia
72,Nama 72,Female,42,95 Justin PlaceApt. 441,5160,Braunhaven,Tasmania,Australia
73,Nama 73,Female,48,672 Graham MewsApt. 407,5208,Monahanside,South Australia,Australia
74,Nama 74,Female,79,3263 Parisian PlaceSuite 811,7803,West Jesseton,Northern Territory,Australia
75,Nama 75,Female,75,96 Caitlin HillSuite 366,9777,Smythland,South Australia,Australia
76,Nama 76,Female,51,1805 Harry RoadApt. 445,2030,Hellermouth,New South Wales,Australia
77,Nama 77,Male,62,63 Tremblay BoulevardApt. 688,1102,Chloeville,South Australia,Australia
78,Nama 78,Female,38,7812 Towne GroveSuite 233,7232,Lake Alihaven,Northern Territory,Australia
79,Nama 79,Female,46,844 Alana LaneApt. 225,1862,Sofiaberg,Australian Capital Territory,Australia
80,Nama 80,Female,65,516 Grant RunSuite 000,6903,Port Mason,Victoria,Australia
81,Nama 81,Female,30,4870 Jackson SummitApt. 538,1915,Spencerborough,Western Australia,Australia
82,Nama 82,Female,53,44 Oliver CourtApt. 045,9603,Elizabethfort,Northern Territory,Australia
83,Nama 83,Female,40,9662 Isaac MallSuite 490,7525,Walshland,Northern Territory,Australia
84,Nama 84,Female,63,195 Wilson HillApt. 597,7587,Lake Paigemouth,Northern Territory,Australia
85,Nama 85,Female,27,41 Feeney ParkwaySuite 074,4401,East Chelsea,Northern Territory,Australia
86,Nama 86,Female,76,040 Savannah GroveSuite 967,9337,Gleasonport,Tasmania,Australia
87,Nama 87,Female,53,384 Hayley View RdSuite 949,1780,Savannahland,Northern Territory,Australia
88,Nama 88,Male,78,331 Leah Station StSuite 445,3111,Port Liam,South Australia,Australia
89,Nama 89,Female,51,1290 Koch GroveApt. 799,1443,Lake Hannah,Queensland,Australia
90,Nama 90,Female,40,89 Patrick CrescentSuite 049,6684,West Georgiachester,New South Wales,Australia
91,Nama 91,Female,72,110 Isaac JunctionApt. 205,7110,Lillyburgh,Victoria,Australia
92,Nama 92,Female,27,74 Eva TerraceSuite 247,564,Harrismouth,Queensland,Australia
93,Nama 93,Female,66,4715 Hand View RdSuite 955,4739,Colestad,Queensland,Australia
94,Nama 94,Female,46,368 Morrison MeadowApt. 117,1037,East Isla,Western Australia,Australia
95,Nama 95,Female,33,09 Doyle MallApt. 066,3891,Port Jordan,Western Australia,Australia
96,Nama 96,Female,41,461 Nader LaneApt. 460,2012,Hudsontown,New South Wales,Australia
97,Nama 97,Female,39,6303 Nate BoulevardSuite 368,2815,North Ellabury,Northern Territory,Australia
98,Nama 98,Female,78,772 Chloe MeadowSuite 666,2945,East Siennaview,Queensland,Australia
99,Nama 99,Female,75,468 Shields CircleApt. 480,296,Port Madelineberg,Tasmania,Australia
100,Nama 100,Female,69,093 Jessica AvenueSuite 154,768,Lake Callumville,Queensland,Australia
101,Nama 101,Male,38,452 Nathan ParadeSuite 988,9867,North William,Queensland,Australia
102,Nama 102,Female,32,1737 Schroeder LoopSuite 349,6848,Port Sarah,Queensland,Australia
103,Nama 103,Female,77,100 Stokes ParkwayApt. 307,2603,South Nathan,South Australia,Australia
104,Nama 104,Female,73,9268 Swift SummitSuite 218,7112,Joelland,Australian Capital Territory,Australia
105,Nama 105,Male,71,29 Ward MeadowSuite 626,8645,East Aidan,South Australia,Australia
106,Nama 106,Female,38,6553 Gibson AvenueSuite 245,7712,Stokestown,Australian Capital Territory,Australia
107,Nama 107,Female,35,20 Morrison RoadSuite 781,7264,Claudiaview,Western Australia,Australia
108,Nama 108,Female,57,7285 Mason BoulevardSuite 754,1392,Port Rosemouth,Queensland,Australia
109,Nama 109,Female,72,78 Ruby WayApt. 351,614,North Chelseaport,Tasmania,Australia
110,Nama 110,Female,65,656 Abigail KnollApt. 083,8132,Bartolettifurt,Western Australia,Australia
111,Nama 111,Female,52,72 George CourtApt. 482,1091,North Edwardshire,Northern Territory,Australia
112,Nama 112,Female,42,19 Lola View RdApt. 937,9698,West Hamish,South Australia,Australia
113,Nama 113,Female,57,29 David JunctionApt. 733,3303,North Ruby,South Australia,Australia
114,Nama 114,Female,30,14 James ParkwayApt. 286,9798,Williamsville,South Australia,Australia
115,Nama 115,Female,28,629 Stephanie JunctionApt. 475,5137,East Savannah,Northern Territory,Australia
116,Nama 116,Female,35,6022 Jonathan TrackSuite 607,8590,Zacharyborough,Northern Territory,Australia
117,Nama 117,Female,75,0544 Zoe CourtSuite 153,2398,New Ellieland,Tasmania,Australia
118,Nama 118,Male,57,164 Fisher RidgeSuite 516,9963,South Cameron,Australian Capital Territory,Australia
119,Nama 119,Female,65,6711 Jasper View RdApt. 199,8401,Eviemouth,Western Australia,Australia
120,Nama 120,Female,60,13 Ivy BoulevardSuite 234,3554,Carterbury,Queensland,Australia
121,Nama 121,Female,26,1823 Hannah BoulevardSuite 778,9311,Violetport,Queensland,Australia
122,Nama 122,Female,71,1443 Doherty View RdSuite 697,935,South Caleb,South Australia,Australia
123,Nama 123,Female,22,8083 Paterson RoadApt. 211,1149,Jordanborough,Tasmania,Australia
124,Nama 124,Female,54,65 Eli AvenueApt. 473,4983,Donnellyfort,New South Wales,Australia
125,Nama 125,Female,77,617 Scarlett BoulevardApt. 858,8870,Angelinaville,Tasmania,Australia
126,Nama 126,Female,48,07 Johnson MallSuite 458,9110,West Jaydenfort,Tasmania,Australia
127,Nama 127,Female,30,769 Gibson TrailApt. 359,3708,South Adam,Western Australia,Australia
128,Nama 128,Male,48,5310 Lewis TrailApt. 715,2240,Jacobsland,Northern Territory,Australia
129,Nama 129,Female,68,74 Ryan CircleSuite 426,1790,Port Harrychester,Western Australia,Australia
130,Nama 130,Female,71,7602 Weber CourtSuite 409,6215,New Leahside,South Australia,Australia
131,Nama 131,Female,33,74 Shields Estate DrSuite 112,3891,Port Annaborough,South Australia,Australia
132,Nama 132,Male,26,782 King Station StApt. 193,4352,Huelmouth,New South Wales,Australia
133,Nama 133,Female,49,051 O'conner Station StSuite 626,6661,Shieldsside,Tasmania,Australia
134,Nama 134,Male,64,178 Smitham GroveSuite 638,6036,South Hannah,Victoria,Australia
135,Nama 135,Female,25,3087 Victoria DriveApt. 454,3184,Port Abigail,Western Australia,Australia
136,Nama 136,Female,38,7895 Ava HillApt. 172,1028,Sofiashire,Western Australia,Australia
137,Nama 137,Female,29,5267 Oscar WayApt. 415,5184,North Zaraview,Western Australia,Australia
138,Nama 138,Female,62,961 Evie ParadeApt. 534,2238,Audreyberg,Australian Capital Territory,Australia
139,Nama 139,Male,73,69 Aiden ParkwaySuite 721,8569,Hudsonberg,Australian Capital Territory,Australia
140,Nama 140,Female,43,092 Jayden JunctionSuite 148,1058,Lukemouth,New South Wales,Australia
141,Nama 141,Female,25,578 Connor GroveApt. 944,457,Lake Aidenhaven,Victoria,Australia
142,Nama 142,Female,75,607 Parisian AvenueSuite 494,6043,Chelseaview,South Australia,Australia
143,Nama 143,Female,80,87 Hahn Station StSuite 943,8254,New Ella,Victoria,Australia
144,Nama 144,Male,60,596 Martin BoulevardApt. 367,5393,Richardshaven,South Australia,Australia
145,Nama 145,Female,43,2044 Johns DriveApt. 201,8332,Lake Madeline,Australian Capital Territory,Australia
146,Nama 146,Female,50,348 Johnston RoadSuite 155,6824,North Kayla,Western Australia,Australia
147,Nama 147,Male,42,307 Declan Estate DrSuite 265,9361,Walkerhaven,Western Australia,Australia
148,Nama 148,Female,53,338 Mckenzie PlaceSuite 622,6527,North Scarlettborough,Northern Territory,Australia
149,Nama 149,Female,25,5831 Lilly AvenueSuite 322,4101,Port Christopherland,New South Wales,Australia
150,Nama 150,Male,26,42 Michael RoadApt. 405,3137,Harryburgh,Tasmania,Australia
151,Nama 151,Female,25,5737 Kulas TrailApt. 133,8763,New Sebastianfurt,Western Australia,Australia
152,Nama 152,Female,79,03 Glover TrackApt. 881,7845,Christianport,Australian Capital Territory,Australia
153,Nama 153,Female,73,4874 Corkery PlazaApt. 487,8473,Jadestad,Northern Territory,Australia
154,Nama 154,Female,68,872 Mitchell SquareSuite 216,3751,East Angelinashire,Victoria,Australia
155,Nama 155,Male,80,85 Charles MallSuite 424,7841,Port Sophia,New South Wales,Australia
156,Nama 156,Female,24,012 Eli RidgeSuite 727,7891,Kaiberg,Western Australia,Australia
157,Nama 157,Female,70,134 Madeline KnollSuite 253,4103,Siennaside,Queensland,Australia
158,Nama 158,Female,33,017 Doherty DriveSuite 350,58,Johnschester,New South Wales,Australia
159,Nama 159,Female,73,497 Gibson TerraceApt. 184,482,Bellaburgh,South Australia,Australia
160,Nama 160,Male,26,70 Phoenix DriveApt. 109,3950,Hicklebury,New South Wales,Australia
161,Nama 161,Female,29,286 Chase IslandSuite 443,365,Port Jade,Western Australia,Australia
162,Nama 162,Female,33,914 Nathan CircuitSuite 102,1797,Schroedermouth,South Australia,Australia
163,Nama 163,Female,20,8125 Durgan BoulevardSuite 068,9458,Port Elliechester,Australian Capital Territory,Australia
164,Nama 164,Female,54,8212 Anderson View RdSuite 748,8504,Quinnborough,Western Australia,Australia
165,Nama 165,Male,21,60 Isabella ManorApt. 196,7259,Port Angus,Victoria,Australia
166,Nama 166,Female,67,011 Braun RunApt. 234,8983,West Skyeview,Queensland,Australia
167,Nama 167,Female,34,1952 Collins StreetSuite 930,6902,Ellieshire,Australian Capital Territory,Australia
168,Nama 168,,27,2781 Berge MallSuite 452,1975,North Leoburgh,Western Australia,Australia
169,Nama 169,Female,72,5135 Leah RoadSuite 306,7210,South Georgia,Western Australia,Australia
170,Nama 170,Female,57,56 Patel Estate DrSuite 629,7133,Dietrichtown,Victoria,Australia
171,Nama 171,Female,80,16 Boyer WaySuite 018,6226,South Gabriel,Western Australia,Australia
172,Nama 172,Male,73,81 Kai TerraceApt. 704,5996,East Scarlett,Northern Territory,Australia
173,Nama 173,Female,78,5133 Mann MallApt. 757,5630,Port Maxville,South Australia,Australia
174,Nama 174,Male,68,827 Berge PlaceSuite 589,7668,New Jonathanchester,Western Australia,Australia
175,Nama 175,Female,80,57 David MallSuite 596,3129,Haneton,South Australia,Australia
176,Nama 176,Male,45,4036 Thompson StreetApt. 565,2548,Lake Johnchester,New South Wales,Australia
177,Nama 177,Female,25,230 Savannah RunApt. 982,3673,Conroybury,Victoria,Australia
178,Nama 178,Female,51,7504 Phoebe RoadApt. 552,6282,Lewiston,Australian Capital Territory,Australia
179,Nama 179,Female,52,8183 Alexis JunctionApt. 634,3399,Callumborough,Queensland,Australia
180,Nama 180,Female,21,58 Jett RoadApt. 448,932,Chasemouth,Western Australia,Australia
181,Nama 181,Female,27,35 Fahey CircuitSuite 014,1017,Port Joshuaside,Northern Territory,Australia
182,Nama 182,Male,80,32 Thomas CrestSuite 753,2147,Archiefurt,Queensland,Australia
183,Nama 183,Female,44,639 Griffiths ParkwayApt. 162,9583,New Angelina,Queensland,Australia
184,Nama 184,Female,43,2465 Hugo RoadApt. 066,8107,West Joelfurt,Queensland,Australia
185,Nama 185,Female,67,22 Aaron LoopApt. 324,4337,Violetborough,Victoria,Australia
186,Nama 186,Female,63,46 Alex MewsApt. 096,5963,Port Mia,Western Australia,Australia
187,Nama 187,Female,70,30 Williamson SummitApt. 594,1007,West Isabelton,Queensland,Australia
188,Nama 188,Female,23,2025 Stewart MewsApt. 137,5769,Nataliemouth,Victoria,Australia
189,Nama 189,Female,28,96 Bartoletti StreetApt. 671,3678,Lake Abigailhaven,Western Australia,Australia
190,Nama 190,Female,58,63 Rohan PlazaApt. 943,5518,Lake Charlottefort,Australian Capital Territory,Australia
191,Nama 191,Female,76,540 Schmitt ParkwaySuite 102,5036,Grimesstad,Northern Territory,Australia
192,Nama 192,Female,63,56 Wolf TerraceSuite 373,4239,East Mason,Tasmania,Australia
193,Nama 193,Female,77,09 Patel MallApt. 231,8063,New Samuel,Western Australia,Australia
194,Nama 194,Male,61,39 Amelia Estate DrApt. 608,6849,Fayhaven,New South Wales,Australia
195,Nama 195,Female,72,987 Charlotte MewsApt. 591,6036,West Baileyville,New South Wales,Australia
196,Nama 196,Female,25,694 Isabella WaySuite 054,4911,New Ava,South Australia,Australia
197,Nama 197,Female,67,53 Finn PlaceApt. 635,3255,Jessebury,Western Australia,Australia
198,Nama 198,Female,66,6369 Patrick HillApt. 508,386,Gardenchester,Victoria,Australia
199,Nama 199,Female,65,94 Hannah LoopSuite 177,6219,Lake Declanland,South Australia,Australia
200,Nama 200,Female,68,3468 Christiansen MeadowSuite 298,4072,Evamouth,Australian Capital Territory,Australia
201,Nama 201,Female,58,76 Zac KnollSuite 031,4396,Joelmouth,Australian Capital Territory,Australia
202,Nama 202,Female,67,72 Lincoln SummitSuite 640,6557,Abbeyshire,Queensland,Australia
203,Nama 203,Female,30,765 Christiansen ParkwaySuite 557,8856,Lake Elijah,Australian Capital Territory,Australia
204,Nama 204,Female,60,889 Hermann Station StApt. 026,5120,East Jakeberg,New South Wales,Australia
205,Nama 205,Female,23,63 Lilly JunctionApt. 010,2345,Jademouth,South Australia,Australia
206,Nama 206,Female,66,09 Kiehn View RdApt. 209,2155,South Clairetown,Queensland,Australia
207,Nama 207,Female,56,38 Baumbach Estate DrApt. 545,7847,Elijahburgh,Queensland,Australia
208,Nama 208,Female,71,814 Jayden MewsSuite 958,994,Josephland,South Australia,Australia
209,Nama 209,Female,29,47 Green ParkwayApt. 868,8313,Bayermouth,South Australia,Australia
210,Nama 210,Female,79,476 Mueller CrestSuite 674,5663,West Claudiaburgh,New South Wales,Australia
211,Nama 211,Female,52,9388 Bauch TrailSuite 439,4473,Codyfort,New South Wales,Australia
212,Nama 212,Female,79,385 Jayden View RdApt. 459,4481,Port Logan,Western Australia,Australia
213,Nama 213,Female,25,6851 Emard KnollSuite 265,5931,Lake Phoenix,Western Australia,Australia
214,Nama 214,Female,55,62 Mcdermott HillSuite 903,9750,Justinport,Queensland,Australia
215,Nama 215,Female,57,46 Xavier WayApt. 621,3483,Dareberg,New South Wales,Australia
216,Nama 216,Female,500,038 Haley MewsApt. 810,3991,Bayertown,Northern Territory,Australia
217,Nama 217,Female,29,476 Ferry IslandSuite 062,742,South Georgia,Australian Capital Territory,Australia
218,Nama 218,Female,78,88 Walsh WaySuite 074,7479,Lake Lucas,Queensland,Australia
219,Nama 219,Male,44,5040 Isabel TerraceSuite 158,8174,Connellyport,Tasmania,Australia
220,Nama 220,Female,79,566 Kiara RunApt. 417,1993,West Zacharybury,Western Australia,Australia
221,Nama 221,Female,43,9173 Maya SummitApt. 856,4519,East Gabriel,Australian Capital Territory,Australia
222,Nama 222,Male,40,45 Ethan LoopApt. 390,2967,Casperland,Tasmania,Australia
223,Nama 223,Female,51,028 Elijah TrailApt. 268,573,Lake Owen,South Australia,Australia
224,Nama 224,Female,78,20 Xavier RidgeApt. 805,7744,Hansenberg,New South Wales,Australia
225,Nama 225,Female,75,651 Garden CourtApt. 769,4755,Muellerfurt,Queensland,Australia
226,Nama 226,Female,73,223 Jerde BoulevardSuite 636,828,Leeborough,Tasmania,Australia
227,Nama 227,Female,26,074 Hackett ParadeApt. 191,3857,South Holly,Tasmania,Australia
228,Nama 228,Female,40,53 Jake CourtSuite 337,5447,Towneport,Northern Territory,Australia
229,Nama 229,Female,20,434 Gibson MewsSuite 619,1344,West Abbeyland,Australian Capital Territory,Australia
230,Nama 230,Female,21,599 Campbell CrestApt. 125,7779,Wildermanside,Tasmania,Australia
231,Nama 231,Female,33,09 Smyth BoulevardSuite 155,266,Turnerborough,Northern Territory,Australia
232,Nama 232,Male,24,8982 O'reilly PlazaSuite 007,5019,Lake Matilda,Northern Territory,Australia
233,Nama 233,Female,33,1604 Olivia CrestApt. 164,8968,Casperfurt,South Australia,Australia
234,Nama 234,Female,37,861 Thomas LoopApt. 385,7368,West Zoe,Victoria,Australia
235,Nama 235,Female,32,7836 Kessler CrescentSuite 055,7158,Miafurt,Tasmania,Australia
236,Nama 236,Female,80,64 Phillips RunApt. 722,2752,East Sienna,New South Wales,Australia
237,Nama 237,Female,71,3679 Kiehn ParkwaySuite 444,6639,Lake Mollyburgh,New South Wales,Australia
238,Nama 238,Female,30,4435 O'hara TerraceSuite 232,5289,New Sophie,Tasmania,Australia
239,Nama 239,Female,63,39 Wilkinson CrestApt. 257,1644,North Sophie,Australian Capital Territory,Australia
240,Nama 240,Female,25,069 Claire GroveSuite 234,7740,New Codyville,Victoria,Australia
241,Nama 241,Female,61,31 Aaron WayApt. 752,2728,New Ava,Queensland,Australia
242,Nama 242,Female,28,489 Harrison Station StSuite 861,4787,Lukebury,Queensland,Australia
243,Nama 243,Female,20,7638 Kiehn StreetApt. 781,7136,Port Owen,New South Wales,Australia
244,Nama 244,Male,38,36 Christian PlaceApt. 409,6354,Port Chelseaport,Victoria,Australia
245,Nama 245,Female,36,733 Cole CrescentSuite 465,3849,South Abbeyshire,Victoria,Australia
246,Nama 246,Female,40,122 Riley TrailSuite 946,8484,West Kiara,Tasmania,Australia
247,Nama 247,Female,57,2352 Luca JunctionApt. 067,5680,Mayerland,Victoria,Australia
248,Nama 248,Female,38,00 Fadel CircuitApt. 573,4463,D'amorefort,Northern Territory,Australia
249,Nama 249,Female,59,4597 Hill ManorSuite 864,842,New Annabelle,Victoria,Australia
250,Nama 250,Female,23,0380 Bartell StreetSuite 585,9549,Boyleberg,Queensland,Australia
251,Nama 251,Female,78,786 Mackenzie StreetApt. 660,8520,Wilsonside,Australian Capital Territory,Australia
252,Nama 252,Female,44,03 Evans RoadApt. 343,9494,Rileyview,Western Australia,Australia
253,Nama 253,Female,48,1549 Rees Station StSuite 745,3190,Eviestad,Northern Territory,Australia
254,Nama 254,Male,44,4966 Lilly Estate DrApt. 570,8170,Beiermouth,Queensland,Australia
255,Nama 255,Female,29,4958 Harry TrackApt. 721,4733,Port Johnland,Western Australia,Australia
256,Nama 256,Female,46,7204 Toby SummitApt. 845,9007,North Lillian,Australian Capital Territory,Australia
257,Nama 257,Female,61,9347 Morrison RoadSuite 865,1166,Johnstonshire,Australian Capital Territory,Australia
258,Nama 258,Female,62,2719 Dietrich KnollApt. 175,1252,South Declan,Queensland,Australia
259,Nama 259,Female,78,205 Bailey IslandSuite 339,752,Kingmouth,New South Wales,Australia
260,Nama 260,Female,27,01 D'amore ManorSuite 692,3012,Trompview,Tasmania,Australia
261,Nama 261,Female,61,318 Amber TrackSuite 271,7322,Schmittview,Queensland,Australia
262,Nama 262,Female,34,8303 Imogen SquareApt. 902,1633,Jakeland,Northern Territory,Australia
263,Nama 263,Female,22,75 Kovacek KnollSuite 417,4122,West Cameron,Western Australia,Australia
264,Nama 264,Male,40,31 King LoopSuite 647,7266,Port Michael,Queensland,Australia
265,Nama 265,Male,52,35 Baumbach HillApt. 244,5072,Lake Laurenview,Tasmania,Australia
266,Nama 266,Female,55,269 Cartwright ParadeSuite 150,7685,Laylabury,New South Wales,Australia
267,Nama 267,Female,45,03 Spencer MewsSuite 726,938,Lukefurt,Western Australia,Australia
268,Nama 268,Male,47,25 Mikayla MewsApt. 558,3668,West Michael,South Australia,Australia
269,Nama 269,Female,20,13 Hammes CircuitApt. 503,2332,New Jadehaven,New South Wales,Australia
270,Nama 270,Female,47,473 Abbey PlazaSuite 913,7214,South Alyssa,Australian Capital Territory,Australia
271,Nama 271,Female,30,9993 Wood RidgeApt. 503,3042,New Emily,Northern Territory,Australia
272,Nama 272,Female,22,3627 Chloe Estate DrSuite 963,4499,New Angelinaberg,Victoria,Australia
273,Nama 273,Female,46,199 Amber MallSuite 954,1660,Noahmouth,Northern Territory,Australia
274,Nama 274,Female,60,98 Paterson CrescentApt. 427,9611,North Lukechester,New South Wales,Australia
275,Nama 275,Female,62,47 Barrows IslandSuite 464,1809,North Alana,Queensland,Australia
276,Nama 276,Female,56,410 Ryan CrescentApt. 461,9665,Gardenport,Victoria,Australia
277,Nama 277,Female,62,00 Natalie SquareSuite 603,134,East Isabella,New South Wales,Australia
278,Nama 278,Female,73,370 Koch SummitApt. 142,8967,North Josephmouth,Queensland,Australia
279,Nama 279,Female,48,179 Richards LoopApt. 131,5536,New Finnmouth,Northern Territory,Australia
280,Nama 280,Female,50,66 Ashton DriveApt. 404,4750,Nathanton,New South Wales,Australia
281,Nama 281,Female,24,95 Oliver SquareApt. 137,7637,Evafort,Queensland,Australia
282,Nama 282,Female,59,2634 Ward CrescentSuite 361,4527,Port Hannahburgh,Australian Capital Territory,Australia
283,Nama 283,Male,23,812 Corwin Estate DrSuite 687,1336,New George,New South Wales,Australia
284,Nama 284,Female,65,92 Nolan MeadowApt. 492,3149,East Abigail,Northern Territory,Australia
285,Nama 285,Male,56,248 Fisher Station StApt. 066,1317,O'connerburgh,Western Australia,Australia
286,Nama 286,Female,34,89 Schmitt PlazaSuite 421,5790,Charlotteville,Queensland,Australia
287,Nama 287,Male,66,113 Doyle CrescentSuite 825,6793,South William,Queensland,Australia
288,Nama 288,Male,24,17 Jade AvenueApt. 646,3055,Reillyfurt,Victoria,Australia
289,Nama 289,Female,43,068 Logan CourtSuite 319,612,East Kaylabury,Australian Capital Territory,Australia
290,Nama 290,Male,67,7299 Madeline MeadowApt. 450,3146,West Siennaland,Tasmania,Australia
291,Nama 291,Female,43,6428 Boyle MallApt. 711,2048,South Hannah,Tasmania,Australia
292,Nama 292,Male,25,7210 Farrell HillApt. 735,6426,West Aidenview,Victoria,Australia
293,Nama 293,Male,36,9227 Evans PlazaApt. 709,1391,Langworthfort,Tasmania,Australia
294,Nama 294,Female,30,513 Luke CourtSuite 773,6799,Johntown,South Australia,Australia
295,Nama 295,Female,49,9670 Henry TrailApt. 656,3485,Ashtonview,New South Wales,Australia
296,Nama 296,Female,50,831 Barton MallSuite 382,7499,Port William,Victoria,Australia
297,Nama 297,Female,22,06 Koss HillSuite 888,5754,Owentown,Australian Capital Territory,Australia
298,Nama 298,Female,29,42 Mackenzie CourtApt. 934,6386,Sanfordberg,Queensland,Australia
299,Nama 299,Female,32,810 Jasper CircleSuite 777,89,Lake Amelia,Victoria,Australia
300,Nama 300,Female,24,73 Amelie LoopApt. 987,1403,Hermistonside,Western Australia,Australia
301,Nama 301,Female,47,0462 Fisher TrackSuite 627,9359,New Sienna,South Australia,Australia
302,Nama 302,Female,38,813 Bailey DriveApt. 157,6560,New Thomas,New South Wales,Australia
303,Nama 303,Female,75,334 Olivia MeadowSuite 855,8400,North Paige,New South Wales,Australia
304,Nama 304,Female,79,5306 Hickle MewsApt. 405,7906,Feeneymouth,Queensland,Australia
305,Nama 305,Female,25,0052 Benjamin MewsApt. 635,7024,Lake Aidan,Australian Capital Territory,Australia
306,Nama 306,Female,68,344 Addison PlazaApt. 998,8581,West Audreyhaven,Queensland,Australia
307,Nama 307,Female,50,227 Donnelly TerraceSuite 915,4618,Lake Jackmouth,Victoria,Australia
308,Nama 308,Female,70,970 Khan RidgeApt. 056,4335,West Madison,Northern Territory,Australia
309,Nama 309,Female,29,5302 Ava TerraceApt. 295,7246,Lake Edward,Queensland,Australia
310,Nama 310,Female,61,29 Caitlin CrestSuite 875,7862,Fadelburgh,New South Wales,Australia
311,Nama 311,Female,25,316 Violet LaneApt. 212,2929,Fayburgh,Northern Territory,Australia
312,Nama 312,Male,74,80 Benjamin CircleSuite 217,7203,East Harrybury,New South Wales,Australia
313,Nama 313,Female,24,533 Archie StreetApt. 007,985,South Pipermouth,South Australia,Australia
314,Nama 314,Female,56,350 Dietrich RunSuite 632,9642,East Sophia,Victoria,Australia
315,Nama 315,Female,49,86 Christiansen HillSuite 955,2395,East Michaelmouth,Australian Capital Territory,Australia
316,Nama 316,Female,67,49 Klein DriveSuite 199,7784,Christopherside,Northern Territory,Australia
317,Nama 317,Male,48,26 Willow CourtApt. 822,9997,Miafort,Australian Capital Territory,Australia
304,Nama 318,Female,79,5306 Hickle MewsApt. 405,7906,Feeneymouth,Queensland,Australia
318,Nama 319,Female,63,37 White Station StApt. 524,1823,Georgiatown,Western Australia,Australia
319,Nama 320,Female,49,208 Connor CircuitSuite 244,5245,Coleshire,Tasmania,Australia
320,Nama 321,Female,43,83 Reynolds ParadeSuite 974,299,Howehaven,Tasmania,Australia
321,Nama 322,Female,44,52 Savannah LaneApt. 519,6724,Kaihaven,New South Wales,Australia
322,Nama 323,,30,593 Becker CircleApt. 333,1640,Jacobiview,Western Australia,Australia
323,Nama 324,Female,40,56 Marcus SquareSuite 361,7986,South Jayden,South Australia,Australia
324,Nama 325,Female,39,53 Huel WaySuite 523,7488,Mikaylaburgh,Northern Territory,Australia
325,Nama 326,Female,68,32 Chase JunctionSuite 463,8304,West Claudia,South Australia,Australia
326,Nama 327,Female,54,624 Bode TrailSuite 795,6294,New Masonport,Northern Territory,Australia
327,Nama 328,Female,71,246 Waters CrescentSuite 947,3310,Port Marcusshire,Western Australia,Australia
328,Nama 329,Female,59,4309 Nguyen KnollApt. 851,6795,North Elijahshire,Western Australia,Australia
329,Nama 330,Female,53,3203 Jackson TerraceSuite 580,5466,South Claudialand,Western Australia,Australia
330,Nama 331,Male,47,698 Doyle RoadSuite 219,6913,Lincolnbury,Victoria,Australia
331,Nama 332,Female,32,5756 Savannah DriveApt. 644,7980,Aidenton,Northern Territory,Australia
332,Nama 333,Male,75,011 Hamilton PlaceSuite 215,5702,East George,Northern Territory,Australia
333,Nama 334,Female,57,2797 Corkery KnollApt. 001,2571,West Marcus,South Australia,Australia
334,Nama 335,Female,68,313 O'hara Estate DrSuite 414,8108,New Alyssa,Queensland,Australia
335,Nama 336,Male,76,7443 Bayer RidgeSuite 024,5888,Lake George,Australian Capital Territory,Australia
336,Nama 337,Male,35,745 Jack CourtApt. 737,3647,Port Madison,Australian Capital Territory,Australia
337,Nama 338,Female,78,88 Olson GroveApt. 120,2631,Cooperbury,Western Australia,Australia
338,Nama 339,Female,75,899 Lynch LaneSuite 349,2652,Monahanberg,New South Wales,Australia
339,Nama 340,Female,59,794 Grady LoopSuite 784,2498,Lake Maddison,Queensland,Australia
340,Nama 341,Female,24,8903 Ava PassSuite 089,5229,Corkeryshire,Northern Territory,Australia
341,Nama 342,Female,34,003 Bruen DriveApt. 633,6522,Jasmineville,Victoria,Australia
342,Nama 343,Female,45,38 Charli SquareSuite 502,2900,Barrowschester,Victoria,Australia
343,Nama 344,Female,47,339 Hermann ParadeSuite 489,5805,Lake Charli,Northern Territory,Australia
344,Nama 345,Female,68,2348 Zac LaneApt. 953,6043,Jacobsstad,South Australia,Australia
345,Nama 346,Female,62,9182 Hermann MallApt. 890,799,Audreyfurt,Victoria,Australia
346,Nama 347,Female,40,59 Bergstrom GroveSuite 260,6060,Olsonbury,Northern Territory,Australia
347,Nama 348,Female,20,16 Maddison MewsSuite 093,1435,Levihaven,Victoria,Australia
348,Nama 349,Female,76,4070 Nathan CircuitSuite 296,1840,Rubyfort,Tasmania,Australia
349,Nama 350,Female,34,807 Howe MallApt. 230,6097,Port Alexandertown,Australian Capital Territory,Australia
350,Nama 351,Female,23,41 Brown Estate DrSuite 039,4913,North Alex,Victoria,Australia
351,Nama 352,Female,23,21 Grant AvenueApt. 491,3927,South Eliza,Victoria,Australia
352,Nama 353,Female,31,813 O'reilly View RdSuite 466,4432,Port Ashtonhaven,Queensland,Australia
353,Nama 354,Male,22,1800 George RoadSuite 097,9711,Stantonton,Queensland,Australia
354,Nama 355,Female,57,91 Tyler RunSuite 243,959,Nateville,Victoria,Australia
355,Nama 356,Female,36,56 Owen TrackApt. 284,9704,Port Zoe,Australian Capital Territory,Australia
356,Nama 357,Female,23,5256 Hamish WaySuite 853,4296,West Jackfort,New South Wales,Australia
357,Nama 358,Female,41,63 Charlie LaneSuite 463,7454,North Kaylastad,Australian Capital Territory,Australia
358,Nama 359,Female,64,9937 Oliver CircleApt. 655,6842,Kreigerbury,Northern Territory,Australia
359,Nama 360,Female,28,20 Skye RunApt. 868,5653,East Lauren,Victoria,Australia
360,Nama 361,Male,68,476 Corwin ParkwayApt. 441,5743,Kingmouth,Northern Territory,Australia
361,Nama 362,Female,64,0967 Flatley HillApt. 866,5677,Port Williamborough,South Australia,Australia
362,Nama 363,Female,39,102 Mitchell IslandSuite 599,329,West Zoeberg,Queensland,Australia
363,Nama 364,Female,47,421 Hamilton CrestSuite 211,8608,Lake William,Queensland,Australia
364,Nama 365,Female,28,3463 Joshua SummitApt. 971,2506,Swiftfort,New South Wales,Australia
365,Nama 366,Female,25,06 Eve RunApt. 689,4387,Jacobsshire,Tasmania,Australia
366,Nama 367,Female,64,491 Fisher IslandSuite 745,1110,Youngview,Victoria,Australia
367,Nama 368,Female,51,59 Henry PlaceSuite 781,514,Jasperside,South Australia,Australia
368,Nama 369,Female,61,8756 Tremblay RunSuite 034,2172,South Chelseaton,Australian Capital Territory,Australia
369,Nama 370,Female,46,6502 Abbey ParadeSuite 954,5569,New Stellastad,Australian Capital Territory,Australia
370,Nama 371,Female,38,47 Stanton GroveSuite 963,9196,Abbottbury,Australian Capital Territory,Australia
371,Nama 372,Female,63,8162 James TrackApt. 724,6128,West Jessica,Queensland,Australia
372,Nama 373,Female,53,8649 Phillips KnollSuite 008,7209,East Sophia,South Australia,Australia
373,Nama 374,Female,44,7319 O'neill JunctionSuite 661,8769,North Sienna,Australian Capital Territory,Australia
374,Nama 375,Female,24,240 Harvey KnollSuite 362,3041,Heidiberg,New South Wales,Australia
375,Nama 376,Female,77,716 Max IslandSuite 824,9232,Ernserland,Northern Territory,Australia
376,Nama 377,Female,30,188 Hunter IslandSuite 990,789,Lake Annabelleport,South Australia,Australia
377,Nama 378,Female,72,51 Taylor CrestApt. 793,6676,Coleview,Queensland,Australia
378,Nama 379,Female,48,40 Rose CircuitSuite 567,7541,Abigailchester,New South Wales,Australia
379,Nama 380,Female,76,541 Lucy IslandSuite 157,7863,O'keefemouth,Queensland,Australia
380,Nama 381,Female,65,047 Greenholt RidgeSuite 214,8267,Leomouth,Northern Territory,Australia
381,Nama 382,Female,20,391 Layla SquareApt. 381,6824,Port Darcy,Western Australia,Australia
382,Nama 383,Female,24,83 Jordan DriveApt. 011,6714,Rodriguezbury,Victoria,Australia
383,Nama 384,Female,23,831 Ava SquareApt. 776,2310,South Hannahstad,Victoria,Australia
384,Nama 385,Female,37,25 Rodriguez RoadSuite 293,6522,Zacharybury,Queensland,Australia
385,Nama 386,Female,55,15 Leffler ParadeApt. 793,7861,Blakeville,Queensland,Australia
386,Nama 387,Female,29,50 Layla LoopSuite 081,3016,Hannahborough,Tasmania,Australia
387,Nama 388,Male,43,6239 Kreiger HillApt. 899,2080,Matthewstad,Victoria,Australia
388,Nama 389,Female,38,46 Spencer MeadowSuite 241,2940,New Mayaburgh,Northern Territory,Australia
389,Nama 390,Female,41,5990 John View RdApt. 812,5989,Lake Lukeberg,South Australia,Australia
390,Nama 391,Female,36,806 O'connell CrestApt. 665,7155,South Eveshire,Western Australia,Australia
391,Nama 392,Male,75,4592 Isabella BoulevardApt. 793,7524,North Sophieland,Australian Capital Territory,Australia
392,Nama 393,Female,26,992 Henry Station StApt. 041,6749,Gloverbury,Australian Capital Territory,Australia
393,Nama 394,,34,5158 Levi HillSuite 531,1474,Johnsburgh,Queensland,Australia
394,Nama 395,Female,26,984 Boyer KnollApt. 699,2204,Audreyport,Tasmania,Australia
395,Nama 396,Female,70,8469 Tahlia PassSuite 409,3499,Lake Oscar,Northern Territory,Australia
396,Nama 397,Female,32,111 Kayla CircuitSuite 545,6248,Finnburgh,Queensland,Australia
397,Nama 398,Female,50,40 Mitchell CrestSuite 035,6891,Isabellaton,Australian Capital Territory,Australia
398,Nama 399,Female,50,6166 Durgan WayApt. 693,5497,Gabrielville,Western Australia,Australia
399,Nama 400,Female,46,9444 Casper RidgeApt. 537,8209,South Logan,Western Australia,Australia
400,Nama 401,Female,62,3565 William RidgeApt. 638,1097,Hesselside,Tasmania,Australia
401,Nama 402,Female,73,254 Layla AvenueSuite 506,613,Sarahstad,Western Australia,Australia
402,Nama 403,Female,22,017 Maddison KnollSuite 875,1712,West Cooper,Tasmania,Australia
403,Nama 404,Female,78,902 Rees CircleSuite 205,1038,Port Abby,Western Australia,Australia
404,Nama 405,Female,79,29 Bruen TrailSuite 288,9569,West Ellaport,Australian Capital Territory,Australia
405,Nama 406,Male,78,41 Noah TerraceSuite 130,5174,North Nathan,New South Wales,Australia
406,Nama 407,Female,59,07 Zac ParadeApt. 031,6987,Clarkville,Victoria,Australia
407,Nama 408,Male,41,5233 Lara AvenueSuite 291,8697,Hartmannshire,Queensland,Australia
408,Nama 409,Female,66,8142 Jackson ParkwaySuite 475,5079,Lake Haydenton,Australian Capital Territory,Australia
409,Nama 410,Male,75,553 Alexander TrailSuite 694,134,New Chase,Australian Capital Territory,Australia
410,Nama 411,Female,64,77 Graham AvenueSuite 070,7356,Boyerville,Victoria,Australia
411,Nama 412,Female,52,579 Olivia PassSuite 805,226,Connellyberg,Tasmania,Australia
412,Nama 413,Female,21,7048 Barrows CrescentSuite 562,238,Hackettchester,South Australia,Australia
413,Nama 414,Female,25,591 Sarah PassSuite 334,6700,Morissetteborough,Queensland,Australia
414,Nama 415,Female,51,22 Eve CrescentApt. 357,7365,North Ivy,Queensland,Australia
415,Nama 416,Female,40,458 Imogen Station StSuite 799,7671,Dietrichville,South Australia,Australia
416,Nama 417,Female,21,59 Gibson MeadowApt. 565,4767,Langworthville,New South Wales,Australia
417,Nama 418,Female,57,688 Campbell RoadSuite 011,7035,Fadelland,Tasmania,Australia
418,Nama 419,Female,57,855 Beahan IslandSuite 560,2775,North Sebastianberg,Australian Capital Territory,Australia
419,Nama 420,Male,58,31 Towne SummitSuite 671,3887,West Mackenzie,Queensland,Australia
420,Nama 421,Female,44,10 Harry MewsSuite 632,5547,Jonesville,Tasmania,Australia
421,Nama 422,Female,62,35 Robinson Station StSuite 547,5382,North Baileyside,Australian Capital Territory,Australia
422,Nama 423,Female,34,58 Heaney SquareApt. 870,1342,Feeneymouth,Queensland,Australia
423,Nama 424,Female,32,587 Dooley AvenueSuite 138,1047,New Rileybury,South Australia,Australia
424,Nama 425,Female,80,03 Grant CrestSuite 228,5743,Lake Charliemouth,Western Australia,Australia
425,Nama 426,Female,38,013 Fahey Station StSuite 125,8487,New Loganside,Northern Territory,Australia
426,Nama 427,Female,40,89 Charles GroveApt. 955,6184,South Sophieview,Victoria,Australia
427,Nama 428,Female,25,51 Gabriel KnollApt. 819,8556,New Ava,Queensland,Australia
428,Nama 429,Female,66,80 Hermiston WaySuite 403,1112,North Liamfort,Australian Capital Territory,Australia
429,Nama 430,Female,48,1796 Hamish MeadowSuite 478,675,East Lincoln,Tasmania,Australia
430,Nama 431,Female,56,4112 Lincoln BoulevardApt. 887,8212,Ivyfurt,New South Wales,Australia
431,Nama 432,Female,41,535 Angelina CourtSuite 875,8422,Jademouth,Victoria,Australia
432,Nama 433,Female,34,6172 Andrew AvenueApt. 194,7029,North Cody,Victoria,Australia
433,Nama 434,Female,46,5777 Mayer PassApt. 881,9728,West Michaelport,Tasmania,Australia
434,Nama 435,Female,20,53 Lucy CrescentSuite 222,4176,West Amber,Western Australia,Australia
435,Nama 436,Female,41,1649 Owen JunctionApt. 523,5868,South Tobyton,South Australia,Australia
436,Nama 437,Female,41,120 Eli PlazaApt. 906,7809,Port Siennaport,South Australia,Australia
437,Nama 438,Female,23,70 Jerde GroveSuite 902,8456,Natefort,Australian Capital Territory,Australia
438,Nama 439,Female,80,569 Alyssa IslandApt. 766,6893,Hunterland,Western Australia,Australia
439,Nama 440,Female,75,378 John MallSuite 835,3142,West Thomas,Victoria,Australia
440,Nama 441,Female,64,78 Bella CrestSuite 010,5404,Andrewmouth,Queensland,Australia
441,Nama 442,Female,53,33 Richards JunctionApt. 478,7650,South Rileyview,Western Australia,Australia
442,Nama 443,,26,5157 Feil RoadApt. 633,7249,Port Chloe,New South Wales,Australia
443,Nama 444,Female,49,033 Mitchell IslandApt. 732,9651,Crooksshire,Victoria,Australia
444,Nama 445,Female,79,361 Davies CrestSuite 392,6837,Port Andrewton,Western Australia,Australia
445,Nama 446,Female,44,543 Nader CrestSuite 019,1927,Macdonaldchester,Victoria,Australia
446,Nama 447,Female,47,165 Hermiston LoopSuite 403,1552,North Lukeshire,Tasmania,Australia
447,Nama 448,Female,68,82 O'hara LoopSuite 558,8664,Zacshire,New South Wales,Australia
448,Nama 449,Female,61,625 Anthony MewsApt. 730,3895,Liamton,Queensland,Australia
449,Nama 450,Male,74,622 Mckenzie TrailApt. 563,3041,Port Lucyport,Northern Territory,Australia
450,Nama 451,Female,59,655 Max TrailSuite 049,5146,West Lucy,New South Wales,Australia
451,Nama 452,Female,21,927 Wood SquareSuite 884,9491,Feilton,Australian Capital Territory,Australia
452,Nama 453,Female,27,19 Young IslandSuite 543,3680,Scottview,New South Wales,Australia
453,Nama 454,Female,35,400 Beau PlaceSuite 439,2891,Kreigerberg,Tasmania,Australia
454,Nama 455,Female,28,3543 Jack GroveApt. 595,3276,Port Isabellafurt,New South Wales,Australia
455,Nama 456,Female,60,539 Towne CrescentSuite 935,8038,Lake Sienna,Northern Territory,Australia
456,Nama 457,Female,33,94 Archie CourtSuite 659,2010,West Lachlan,Queensland,Australia
457,Nama 458,Male,27,85 Mitchell StreetSuite 398,1849,Charlotteborough,Victoria,Australia
458,Nama 459,Female,42,06 Toby KnollApt. 679,1086,Mayaview,Queensland,Australia
459,Nama 460,Female,62,966 Levi ParkwayApt. 339,4975,Farrellmouth,New South Wales,Australia
460,Nama 461,Female,31,85 Cooper CrescentApt. 819,3847,Ellashire,Victoria,Australia
461,Nama 462,Female,54,2501 Hackett ManorSuite 051,60,West Chasemouth,Australian Capital Territory,Australia
462,Nama 463,Female,45,22 Ellie View RdApt. 141,1919,D'amoreborough,South Australia,Australia
463,Nama 464,Female,58,00 Lockman TrackSuite 564,387,Lake Mikaylashire,Australian Capital Territory,Australia
464,Nama 465,Female,64,5080 Johnston MallApt. 550,5327,Langville,South Australia,Australia
465,Nama 466,Female,38,115 Wilkinson CrestSuite 858,4700,Williammouth,Victoria,Australia
466,Nama 467,Male,28,18 Jack JunctionSuite 575,7356,North Justin,South Australia,Australia
467,Nama 468,Female,53,0189 Anna KnollSuite 703,7040,O'reillychester,South Australia,Australia
468,Nama 469,Female,67,06 Ebert CrestSuite 385,5607,West Isla,Tasmania,Australia
469,Nama 470,Female,78,783 Olivia CrescentSuite 877,5011,Andrewborough,New South Wales,Australia
470,Nama 471,Female,45,2115 Henry GroveSuite 788,3138,Edwardtown,Western Australia,Australia
471,Nama 472,Female,31,8662 Maya PlaceApt. 834,8731,Boyerland,New South Wales,Australia
472,Nama 473,Male,57,64 Aiden View RdSuite 085,4994,Parisianmouth,Queensland,Australia
473,Nama 474,Male,61,531 Schmitt BoulevardApt. 010,1744,Annaton,South Australia,Australia
474,Nama 475,Female,21,6744 Joshua RoadApt. 554,7719,New Matildaville,South Australia,Australia
475,Nama 476,Male,61,22 Skye MewsApt. 534,3722,Lake Isla,Tasmania,Australia
476,Nama 477,Female,64,01 Piper ManorApt. 376,1127,West Jackfort,South Australia,Australia
477,Nama 478,Female,32,3023 Nate GroveSuite 368,1579,South Hunter,Northern Territory,Australia
478,Nama 479,Female,71,16 Thomson PlazaSuite 403,1303,Lake Lillyville,Northern Territory,Australia
479,Nama 480,Female,20,621 Eve View RdApt. 900,789,Mullerberg,Western Australia,Australia
480,Nama 481,Female,50,018 Hannah ParadeSuite 582,6329,Riceton,Australian Capital Territory,Australia
481,Nama 482,Female,51,828 Hoppe PlaceSuite 995,4149,Lake Rosehaven,Western Australia,Australia
482,Nama 483,Female,63,7295 Champlin CrestApt. 519,8260,East Joshua,Queensland,Australia
483,Nama 484,Female,35,894 Hoppe PassApt. 708,8487,East Rubyfurt,Tasmania,Australia
484,Nama 485,Female,43,792 James PlaceSuite 050,7271,South Cameronborough,Australian Capital Territory,Australia
485,Nama 486,Male,46,18 Lachlan CourtApt. 781,6977,Port Lily,Australian Capital Territory,Australia
486,Nama 487,Female,66,60 Nolan LaneSuite 078,8225,Port Lillian,Northern Territory,Australia
487,Nama 488,Male,21,7199 Caleb StreetSuite 174,4113,South Amelie,Victoria,Australia
488,Nama 489,Female,45,127 Tahlia BoulevardSuite 545,1135,Beahanbury,Tasmania,Australia
489,Nama 490,Female,59,43 Oscar LoopSuite 946,2537,West Phoenix,New South Wales,Australia
490,Nama 491,Male,57,74 King SummitSuite 021,7633,Mollyland,New South Wales,Australia
491,Nama 492,Female,31,60 Larson TrackApt. 562,6666,East Riley,Victoria,Australia
492,Nama 493,Female,62,046 Leah RidgeSuite 190,8954,Josephmouth,Queensland,Australia
493,Nama 494,Female,63,761 Mckenzie BoulevardSuite 489,1696,Port Natalie,Victoria,Australia
494,Nama 495,Female,51,12 Madeline IslandSuite 083,8705,Dooleyport,Queensland,Australia
495,Nama 496,Male,80,1798 Schultz MewsApt. 704,9409,Lake Caitlin,New South Wales,Australia
496,Nama 497,Female,32,35 Barrows RunApt. 970,3261,Evansburgh,South Australia,Australia
497,Nama 498,Female,31,0487 Jordan TerraceSuite 509,9290,North Aidentown,Northern Territory,Australia
498,Nama 499,Male,31,6298 Toby RidgeSuite 608,745,Walterfurt,Victoria,Australia
499,Nama 500,Female,24,708 Cole PlazaSuite 178,3833,New Hannah,Australian Capital Territory,Australia
500,Nama 501,Female,78,74 Aaron HillSuite 794,1819,Port Haydenchester,Western Australia,Australia
501,Nama 502,Female,73,457 Evans View RdApt. 385,2482,Kiehnchester,Tasmania,Australia
502,Nama 503,Male,34,95 Grimes ParkwaySuite 469,6075,East Aidan,Australian Capital Territory,Australia
503,Nama 504,Male,68,15 Abbey BoulevardApt. 379,3480,Port Oscar,New South Wales,Australia
504,Nama 505,Female,56,9100 Kovacek GroveSuite 577,2384,Emilymouth,Northern Territory,Australia
505,Nama 506,Female,63,4920 Justin ParadeApt. 209,4931,Chloefort,Tasmania,Australia
506,Nama 507,Female,37,26 Levi CrestSuite 002,8757,South Hugoberg,Australian Capital Territory,Australia
507,Nama 508,Female,74,64 Champlin ParkwayApt. 832,8416,Jaydenside,Victoria,Australia
508,Nama 509,Female,65,6863 Tremblay KnollSuite 290,9728,West Annaport,Northern Territory,Australia
509,Nama 510,Female,63,779 Samuel WaySuite 600,1149,North Matthewfort,Queensland,Australia
510,Nama 511,Female,67,2684 Tillman ParadeApt. 492,7867,Alexandramouth,New South Wales,Australia
511,Nama 512,Female,63,997 Lara RunApt. 826,3696,Port Victoriaborough,South Australia,Australia
512,Nama 513,Female,75,158 Joseph LaneApt. 252,3394,Clarkemouth,Australian Capital Territory,Australia
513,Nama 514,Female,39,051 White WayApt. 392,2358,Port Ali,Tasmania,Australia
514,Nama 515,Female,45,3678 Flatley MeadowSuite 659,2633,North Charles,Tasmania,Australia
515,Nama 516,Female,52,5778 Chloe CourtApt. 365,830,Huelhaven,Australian Capital Territory,Australia
516,Nama 517,Female,69,622 Hamish CourtSuite 367,2978,South Tylermouth,Northern Territory,Australia
517,Nama 518,Female,61,68 Tahlia IslandSuite 710,4264,East Jonathanland,Victoria,Australia
518,Nama 519,Female,31,97 Isaac SummitSuite 935,6393,Bauchton,Northern Territory,Australia
519,Nama 520,Female,28,89 Caitlin RunApt. 485,1354,Shieldstown,Northern Territory,Australia
520,Nama 521,Female,76,2136 Kemmer IslandApt. 075,1853,Rossshire,New South Wales,Australia
521,Nama 522,Female,41,613 Charles TrailApt. 813,6070,Brauntown,Victoria,Australia
522,Nama 523,Female,71,459 Sarah TerraceApt. 121,6890,Handborough,South Australia,Australia
523,Nama 524,Female,22,8778 Liam TerraceSuite 662,3373,North Jasperville,Northern Territory,Australia
524,Nama 525,Female,80,0358 Ashley WayApt. 506,3345,Port Sebastianland,Queensland,Australia
525,Nama 526,Female,28,857 Mayer SquareApt. 580,5639,Port Ashley,New South Wales,Australia
526,Nama 527,Male,73,786 Paige CircleApt. 922,2565,Adamsside,Tasmania,Australia
527,Nama 528,Female,31,8784 Dickinson JunctionApt. 227,1168,New Siennachester,Western Australia,Australia
528,Nama 529,Female,63,556 Jacobson PlaceApt. 974,1126,Lake Madelineton,Western Australia,Australia
529,Nama 530,Female,32,969 Addison MeadowApt. 641,1894,Jacksonton,New South Wales,Australia
530,Nama 531,Female,63,2724 Madison SummitSuite 567,9367,Lake Rose,Western Australia,Australia
531,Nama 532,Female,55,4512 Doherty ParadeApt. 648,8873,Leebury,Queensland,Australia
532,Nama 533,Female,32,66 Liam MeadowSuite 239,9064,East Max,Northern Territory,Australia
533,Nama 534,Female,21,703 Jerde PlaceApt. 478,4236,West Sebastianfort,South Australia,Australia
534,Nama 535,Female,54,1936 Mccullough RidgeApt. 438,9919,Andersonburgh,Tasmania,Australia
535,Nama 536,Female,56,0872 Gemma ParadeApt. 070,6593,Conroychester,South Australia,Australia
536,Nama 537,Female,32,6479 Schmidt BoulevardApt. 840,5125,Charlifort,New South Wales,Australia
537,Nama 538,Female,45,155 Hayes AvenueApt. 699,7342,Krisland,Western Australia,Australia
538,Nama 539,Female,27,449 John AvenueSuite 609,6968,West Lauren,Queensland,Australia
539,Nama 540,Male,78,6481 Isaac LoopApt. 355,4362,Port Blake,Queensland,Australia
540,Nama 541,Female,75,297 Ferry LaneApt. 061,8550,East Amelia,South Australia,Australia
541,Nama 542,Female,73,1240 Tillman Estate DrSuite 704,5254,East Imogen,Tasmania,Australia
542,Nama 543,Female,76,870 Waters SquareSuite 227,1416,East Hugo,New South Wales,Australia
543,Nama 544,Female,50,9193 Williamson GroveSuite 080,7215,Port Annabelle,Queensland,Australia
544,Nama 545,Female,30,55 Cole SummitSuite 231,2980,South Hayden,Northern Territory,Australia
545,Nama 546,Female,59,27 Hermann ManorSuite 124,8864,Durgantown,Queensland,Australia
546,Nama 547,Female,47,12 Toby WayApt. 990,4797,Emilyfort,Queensland,Australia
547,Nama 548,Female,69,4159 Abby MallApt. 142,7510,New Elibury,Northern Territory,Australia
548,Nama 549,Female,57,163 Sophia RunApt. 833,7432,West Elliestad,Northern Territory,Australia
549,Nama 550,Male,50,667 Feil RidgeSuite 935,1919,Gleasonburgh,Northern Territory,Australia
550,Nama 551,Male,22,276 Jade CourtSuite 661,4050,Sophiafurt,New South Wales,Australia
497,Nama 552,Male,31,0487 Jordan TerraceSuite 509,9290,North Aidentown,Northern Territory,Australia
551,Nama 553,Male,68,48 Mikayla IslandApt. 883,591,Declanton,South Australia,Australia
552,Nama 554,Male,71,773 Graham IslandApt. 589,5626,Lake Hamishtown,Victoria,Australia
553,Nama 555,Male,30,0204 Andrew JunctionApt. 904,7146,Kaiview,New South Wales,Australia
554,Nama 556,Male,56,821 Isabella JunctionApt. 238,1928,New Benjaminborough,Tasmania,Australia
555,Nama 557,Male,77,78 Cassin SquareApt. 019,2156,Lake Jacobborough,Victoria,Australia
556,Nama 558,Male,61,9398 Schneider RidgeSuite 818,3140,West Kai,South Australia,Australia
557,Nama 559,Male,59,39 Liam ParadeApt. 343,7346,Lake Jesse,Tasmania,Australia
558,Nama 560,Male,38,380 Hamish LaneApt. 098,9827,Violetfort,South Australia,Australia
559,Nama 561,Male,67,48 Liam PassApt. 280,6782,Sambury,Queensland,Australia
560,Nama 562,Male,79,4674 Victoria DriveApt. 830,6122,Port Poppymouth,Queensland,Australia
561,Nama 563,Male,34,26 Beau MeadowSuite 601,2661,Aidenton,New South Wales,Australia
562,Nama 564,Male,58,04 Spencer MallApt. 910,8257,West Rubyland,Queensland,Australia
563,Nama 565,Male,53,83 Benjamin CourtApt. 875,9574,Williammouth,Australian Capital Territory,Australia
564,Nama 566,Male,34,65 Schroeder WayApt. 552,4054,North Marcusland,Northern Territory,Australia
565,Nama 567,Male,73,27 Kiara MeadowSuite 662,4126,Hamiltonport,Queensland,Australia
566,Nama 568,Male,23,95 Rice Station StSuite 985,2919,O'keefeton,Tasmania,Australia
567,Nama 569,Female,39,3767 Mackenzie Estate DrApt. 877,7008,East Piper,Northern Territory,Australia
568,Nama 570,Male,64,24 Jake MeadowApt. 433,9416,Chloeville,Tasmania,Australia
569,Nama 571,Male,61,31 Heidi MeadowApt. 568,3494,West Sebastianborough,New South Wales,Australia
570,Nama 572,Male,35,164 Bruen MallSuite 043,4468,New Masonstad,New South Wales,Australia
571,Nama 573,Male,22,5567 Clarke MallApt. 756,4043,Jordanside,Australian Capital Territory,Australia
572,Nama 574,Male,27,12 Nate RidgeApt. 107,7611,Sanfordton,South Australia,Australia
573,Nama 575,Male,37,80 Charles CircuitSuite 023,7541,Abbeyshire,South Australia,Australia
574,Nama 576,Male,53,1804 Ella HillSuite 318,9400,Zacharybury,Northern Territory,Australia
575,Nama 577,Male,64,8539 Archie LoopSuite 097,9118,Bahringermouth,Victoria,Australia
576,Nama 578,Female,24,44 Abbott CrescentApt. 546,6665,Gabrielview,Victoria,Australia
577,Nama 579,Male,32,11 Savannah LaneSuite 334,6269,Heaneyview,South Australia,Australia
578,Nama 580,Male,75,256 Andrew CrestApt. 193,8281,East Marcus,New South Wales,Australia
579,Nama 581,Female,45,70 Anthony DriveSuite 124,9043,Bauchhaven,South Australia,Australia
580,Nama 582,Male,25,68 Alexander PassApt. 327,648,South Harryshire,Tasmania,Australia
581,Nama 583,Male,40,11 Nader ParadeApt. 016,9022,Hackettland,South Australia,Australia
582,Nama 584,Female,65,5260 Ward IslandApt. 429,429,Skyeland,South Australia,Australia
583,Nama 585,Male,52,98 Ellie CircleSuite 311,378,Leomouth,Northern Territory,Australia
584,Nama 586,Male,76,85 Brown GroveSuite 561,1559,Charlieburgh,Queensland,Australia
585,Nama 587,Male,23,01 Lee GroveSuite 419,3863,West Bella,South Australia,Australia
586,Nama 588,Male,34,71 Jade CrescentApt. 142,5142,Hallhaven,New South Wales,Australia
587,Nama 589,Male,35,985 Ethan AvenueSuite 122,3174,East Declanside,Queensland,Australia
588,Nama 590,Male,48,550 Alexis BoulevardSuite 124,9614,West Danieltown,Victoria,Australia
589,Nama 591,Male,57,68 Darcy PassSuite 091,6477,Hoppetown,Queensland,Australia
590,Nama 592,Male,31,7131 Walter GroveSuite 897,9414,Jaydenland,Northern Territory,Australia
591,Nama 593,Male,30,2181 Maddison RidgeApt. 277,7591,Isabelland,Western Australia,Australia
592,Nama 594,Male,64,88 D'amore CircleApt. 533,354,North Stephanie,South Australia,Australia
593,Nama 595,Male,22,396 Sebastian RoadSuite 553,8192,Angelinaberg,Tasmania,Australia
594,Nama 596,Male,44,275 Little Estate DrApt. 926,1335,Avaton,South Australia,Australia
595,Nama 597,Female,60,313 Grace LoopApt. 523,939,Ameliaview,South Australia,Australia
596,Nama 598,Male,68,33 Jones AvenueSuite 154,2403,West Poppyborough,Victoria,Australia
597,Nama 599,Male,80,78 O'hara CircuitApt. 096,1966,Lake Michaelbury,South Australia,Australia
598,Nama 600,Male,65,671 Jacobson CrescentApt. 057,9740,Charlesbury,Victoria,Australia
599,Nama 601,Male,43,27 Wood MallSuite 368,520,South Justin,Victoria,Australia
600,Nama 602,Male,50,41 Aiden WayApt. 249,2075,East Archieside,Australian Capital Territory,Australia
601,Nama 603,Male,55,010 Cartwright TrackApt. 920,1625,Sebastianbury,South Australia,Australia
602,Nama 604,Male,54,157 Rice LoopSuite 716,5921,East Imogen,Western Australia,Australia
603,Nama 605,Male,50,3306 Elizabeth CrescentSuite 260,2392,Port Zacharyhaven,South Australia,Australia
604,Nama 606,Male,75,17 Connor ParadeApt. 442,4324,Conroymouth,Australian Capital Territory,Australia
605,Nama 607,Female,25,8676 William HillApt. 725,4750,Hamiltonshire,Western Australia,Australia
606,Nama 608,Male,53,24 Alexis BoulevardSuite 321,8684,Calebville,New South Wales,Australia
607,Nama 609,Male,42,8397 Davis CrescentApt. 905,8092,North Gracetown,Northern Territory,Australia
608,Nama 610,Male,32,622 Cox WaySuite 694,6235,West Isabellaland,South Australia,Australia
609,Nama 611,Male,61,515 Grace LaneSuite 974,5754,New Emilyton,Northern Territory,Australia
610,Nama 612,Male,31,0986 Mccullough MewsSuite 467,320,New Jayden,Tasmania,Australia
611,Nama 613,Female,67,09 Christopher View RdApt. 739,505,West Hayleyhaven,New South Wales,Australia
612,Nama 614,Female,35,5306 Cody LaneApt. 083,9575,Angelinastad,South Australia,Australia
613,Nama 615,Male,78,2525 Leannon JunctionSuite 996,6475,Stellaton,New South Wales,Australia
614,Nama 616,Male,45,627 Weber PassApt. 498,7529,Samuelside,New South Wales,Australia
615,Nama 617,Male,42,04 Stewart WaySuite 826,5658,Willowmouth,Queensland,Australia
616,Nama 618,Male,68,706 Jessica RidgeSuite 083,8887,South Isabelle,Queensland,Australia
617,Nama 619,Male,72,991 Wolf DriveApt. 413,8116,South Isabel,New South Wales,Australia
618,Nama 620,Male,27,2000 Scarlett MallSuite 257,3334,North Baileytown,Western Australia,Australia
619,Nama 621,Male,60,2058 Claudia StreetSuite 348,3522,East Phoenixberg,Tasmania,Australia
620,Nama 622,Male,35,150 Nate LoopApt. 614,902,Jettstad,Australian Capital Territory,Australia
621,Nama 623,Male,32,3423 Jenkins PlaceApt. 152,3128,Lake Michaelland,Western Australia,Australia
622,Nama 624,Male,35,995 Willow ManorApt. 537,2110,Lake Victoriaside,Victoria,Australia
623,Nama 625,Male,57,64 Andrew StreetSuite 948,3236,West Ashley,South Australia,Australia
624,Nama 626,Male,46,60 Harris KnollSuite 768,9109,East Lara,Northern Territory,Australia
625,Nama 627,Male,31,7615 Hyatt TrailSuite 179,5972,Lake Phoebe,Western Australia,Australia
626,Nama 628,Male,64,72 Hunter Station StApt. 220,1807,Walterstad,New South Wales,Australia
627,Nama 629,Male,51,66 Isla CrescentApt. 573,7404,Port Christopher,South Australia,Australia
628,Nama 630,Male,75,774 Christiansen StreetSuite 261,2197,West Sophie,Northern Territory,Australia
629,Nama 631,Male,53,4355 Caitlin CourtApt. 697,6606,Amberland,Western Australia,Australia
630,Nama 632,Male,49,0663 Hayley TerraceApt. 069,6519,New Madisonborough,Victoria,Australia
631,Nama 633,Female,49,80 Chelsea KnollApt. 014,7749,Davidfurt,Northern Territory,Australia
632,Nama 634,Male,55,704 Wright CourtApt. 223,3450,South Anthonyburgh,Northern Territory,Australia
633,Nama 635,Male,50,2040 Kuhn TrailSuite 095,9648,North Rose,Northern Territory,Australia
634,Nama 636,Male,70,87 Oliver TerraceApt. 608,969,East Mackenzietown,South Australia,Australia
635,Nama 637,Male,59,022 Jade Estate DrApt. 494,4796,Adamsland,New South Wales,Australia
636,Nama 638,Male,24,74 Anderson RoadApt. 779,9149,Abbottburgh,Northern Territory,Australia
637,Nama 639,Male,58,8007 Joel SquareApt. 874,7700,Lilystad,Western Australia,Australia
638,Nama 640,Female,23,91 William IslandSuite 740,2973,Reillyborough,Victoria,Australia
639,Nama 641,Male,40,23 Zara KnollApt. 502,6722,Lake Alice,Victoria,Australia
640,Nama 642,Male,49,7427 Stark CrescentSuite 975,5295,Lincolnchester,Queensland,Australia
641,Nama 643,Male,62,87 Cruickshank Estate DrApt. 374,5934,Hamishview,New South Wales,Australia
642,Nama 644,Male,79,303 O'keefe PassApt. 658,192,North Benjamin,Tasmania,Australia
643,Nama 645,Female,36,575 Olson MallApt. 344,3478,Shieldschester,Tasmania,Australia
644,Nama 646,Male,46,2872 Samantha ParkwaySuite 016,2620,Baileyberg,Western Australia,Australia
645,Nama 647,Female,75,988 Jacob CircuitSuite 385,1940,Greenfeldershire,Victoria,Australia
646,Nama 648,Male,49,013 Anthony PlazaSuite 548,6691,Isabellahaven,Tasmania,Australia
647,Nama 649,Male,51,118 Levi CrestApt. 495,137,Lake Nicholasfort,Australian Capital Territory,Australia
648,Nama 650,Male,38,854 John GroveApt. 925,1230,New Emmastad,South Australia,Australia
649,Nama 651,Male,74,3796 Kayla RoadSuite 477,5825,Schneiderbury,Northern Territory,Australia
650,Nama 652,Male,68,497 Hudson CourtApt. 203,1882,Port Zaraberg,South Australia,Australia
651,Nama 653,Male,61,42 Max View RdSuite 078,1313,Evastad,South Australia,Australia
652,Nama 654,Male,63,59 Abbott CircuitApt. 084,9830,North Isabelleside,South Australia,Australia
653,Nama 655,Male,21,26 Jayden IslandSuite 937,789,Lachlanstad,Queensland,Australia
654,Nama 656,Female,42,8557 Bogan AvenueSuite 811,5244,West Sebastianfort,Victoria,Australia
655,Nama 657,Male,77,107 Xavier MewsApt. 927,3354,Mitchellhaven,South Australia,Australia
656,Nama 658,Male,54,3836 Emard ParadeSuite 141,1235,North Aaron,Northern Territory,Australia
657,Nama 659,Male,25,95 Skye PassApt. 600,7643,Port Eveland,South Australia,Australia
658,Nama 660,Male,70,0162 Khan RoadApt. 211,4755,North Madeline,New South Wales,Australia
659,Nama 661,Male,57,14 O'neill View RdApt. 908,9653,Sophiemouth,Tasmania,Australia
660,Nama 662,Male,47,66 Mason CrescentSuite 942,4400,Charlesshire,Australian Capital Territory,Australia
661,Nama 663,Male,45,4317 Holly CourtSuite 716,1431,North Beau,Western Australia,Australia
662,Nama 664,Female,58,8986 Alice IslandApt. 026,3207,Pipershire,Queensland,Australia
663,Nama 665,Male,71,5869 Campbell WaySuite 438,8887,Lake Charlie,Australian Capital Territory,Australia
664,Nama 666,Male,32,157 Rohan MallApt. 466,4145,East Max,Tasmania,Australia
665,Nama 667,Male,61,1713 Cormier RunSuite 980,2022,Kiehnstad,Australian Capital Territory,Australia
666,Nama 668,Male,72,20 Caitlin ParadeSuite 493,3159,West Nathanstad,Northern Territory,Australia
667,Nama 669,Male,30,66 Jacob PassSuite 159,4671,New Beau,Victoria,Australia
668,Nama 670,Male,61,746 Greenfelder GroveSuite 199,3948,West Matilda,Victoria,Australia
669,Nama 671,Male,68,1463 Hills RidgeApt. 034,4318,Bauchland,Victoria,Australia
670,Nama 672,Female,49,22 Savannah RoadApt. 276,8228,New Harrisonland,Northern Territory,Australia
671,Nama 673,Male,53,0831 Hahn HillApt. 652,587,East Abbeyborough,Tasmania,Australia
672,Nama 674,Male,59,8675 Kunde TrackSuite 283,3895,North Baileyberg,Northern Territory,Australia
673,Nama 675,Male,59,82 Hayden DriveSuite 289,426,New Angelina,South Australia,Australia
674,Nama 676,Male,36,5420 Amelia IslandSuite 286,4389,Goodwinmouth,South Australia,Australia
675,Nama 677,Male,20,56 Joel TrailApt. 139,2435,Port Jacob,South Australia,Australia
676,Nama 678,Male,59,140 Jessica BoulevardApt. 214,1938,Kaylafurt,Northern Territory,Australia
677,Nama 679,Female,33,0390 Stark RoadApt. 898,2256,North Mikayla,Tasmania,Australia
678,Nama 680,Male,79,609 Rohan TerraceSuite 767,1948,East Alex,New South Wales,Australia
679,Nama 681,Male,76,7219 Charlotte SummitSuite 507,1971,Cameronton,Western Australia,Australia
680,Nama 682,Male,78,5530 Ashton GroveSuite 128,7905,Taylorfurt,New South Wales,Australia
681,Nama 683,Male,79,096 Gibson ManorApt. 195,1323,West Alyssaton,Victoria,Australia
682,Nama 684,Male,27,0260 Garden StreetSuite 683,6627,Sofiahaven,Western Australia,Australia
683,Nama 685,Male,45,098 Clarke ParkwayApt. 312,3661,West Finnberg,Australian Capital Territory,Australia
684,Nama 686,Male,78,2079 Phoebe AvenueSuite 629,8834,Laurenview,Western Australia,Australia
685,Nama 687,Male,46,2154 Christian BoulevardSuite 431,4494,South Savannahside,Queensland,Australia
686,Nama 688,Male,22,6801 Jessica JunctionApt. 868,4931,Dickensshire,Victoria,Australia
687,Nama 689,Male,22,2004 Sebastian CrescentApt. 895,8939,East Ruby,New South Wales,Australia
688,Nama 690,Male,40,45 Heller GroveApt. 411,3357,Abbeyview,South Australia,Australia
689,Nama 691,Male,62,6528 Gleason WaySuite 153,9864,North Jessemouth,Australian Capital Territory,Australia
690,Nama 692,Male,34,04 Christian RidgeApt. 329,6697,Port Annabelle,Northern Territory,Australia
691,Nama 693,Male,73,90 Fisher RoadSuite 844,1499,Abigailshire,New South Wales,Australia
692,Nama 694,Male,20,5200 Tromp Estate DrSuite 885,4058,Laraview,Tasmania,Australia
693,Nama 695,Male,45,019 Lang SquareSuite 468,6160,Beattychester,Queensland,Australia
694,Nama 696,Male,55,647 Walter ManorSuite 680,8952,Harveyshire,Australian Capital Territory,Australia
695,Nama 697,Male,48,65 Stokes DriveSuite 624,6533,O'reillymouth,Western Australia,Australia
696,Nama 698,Male,38,8353 Bruen ParkwayApt. 455,5325,Callummouth,Australian Capital Territory,Australia
697,Nama 699,Male,51,96 Gabriel AvenueApt. 145,5972,Port Cody,Australian Capital Territory,Australia
698,Nama 700,Male,27,623 Abigail BoulevardSuite 973,9139,New Isaac,Victoria,Australia
699,Nama 701,Male,79,4959 James HillApt. 613,2027,Westfurt,Western Australia,Australia
700,Nama 702,Male,64,1097 Leannon StreetApt. 269,5858,South Madeline,New South Wales,Australia
701,Nama 703,Male,67,7047 Monahan CircuitApt. 207,9582,Lake Joshua,Victoria,Australia
702,Nama 704,Male,80,61 Bosco WaySuite 775,685,Thompsonborough,Western Australia,Australia
703,Nama 705,Male,26,803 Lara DriveApt. 182,3623,Port Joeltown,South Australia,Australia
704,Nama 706,Male,21,788 Dickens Station StSuite 623,4600,Howellhaven,Tasmania,Australia
705,Nama 707,Male,60,075 Kovacek LaneApt. 632,6357,Port Madeline,Queensland,Australia
706,Nama 708,Male,43,72 Edward ParkwaySuite 980,7201,Lake Aiden,Northern Territory,Australia
707,Nama 709,Male,69,66 Lillian CircuitSuite 433,7394,Krisview,Australian Capital Territory,Australia
708,Nama 710,Male,51,090 Christopher PlaceApt. 513,9666,West Olivertown,Western Australia,Australia
709,Nama 711,Male,65,4680 Cartwright TrailSuite 706,330,East Lillyville,Victoria,Australia
710,Nama 712,Male,60,606 Lucy ParadeSuite 217,1666,Kulasville,New South Wales,Australia
637,Nama 713,Male,58,8007 Joel SquareApt. 874,7700,Lilystad,Western Australia,Australia
711,Nama 714,Male,42,84 Stewart StreetSuite 032,3738,Russelstad,Victoria,Australia
712,Nama 715,Male,71,749 Klein SummitSuite 383,5372,Lefflermouth,Australian Capital Territory,Australia
713,Nama 716,Male,71,84 Marvin CrestSuite 951,2028,Piperview,Tasmania,Australia
714,Nama 717,Female,50,644 Sophie LoopSuite 596,7260,West Addison,Northern Territory,Australia
715,Nama 718,Male,61,1029 Eva JunctionApt. 767,8927,Port Hunter,Tasmania,Australia
716,Nama 719,Male,41,4840 Botsford ParkwaySuite 060,2694,Port Isabelle,South Australia,Australia
717,Nama 720,Male,20,970 Braun MewsApt. 629,1564,Haydenhaven,Victoria,Australia
718,Nama 721,Male,23,3251 Georgia Estate DrSuite 334,7710,Lake Savannah,South Australia,Australia
719,Nama 722,Male,31,13 Eve AvenueApt. 240,7763,Faheyborough,Queensland,Australia
720,Nama 723,,40,31 Jordan ParadeApt. 400,1380,West Henry,South Australia,Australia
721,Nama 724,Male,25,294 Lily HillSuite 152,2248,Tobyport,Queensland,Australia
722,Nama 725,Male,53,04 Molly PlazaApt. 632,4447,Lillyview,New South Wales,Australia
723,Nama 726,Male,34,5419 Alyssa AvenueSuite 084,9567,Lake Mitchellbury,Australian Capital Territory,Australia
724,Nama 727,Female,66,71 Annabelle RunApt. 053,110,Hoppeville,New South Wales,Australia
725,Nama 728,Male,23,345 Elijah TrailSuite 066,9174,Gracemouth,Northern Territory,Australia
726,Nama 729,Male,27,50 Layla RunApt. 551,9439,Cassinport,Western Australia,Australia
727,Nama 730,Female,26,2752 Lily RoadApt. 721,3249,Jacobport,New South Wales,Australia
728,Nama 731,Male,51,347 Gleason View RdApt. 168,7148,Lake Matildaville,Western Australia,Australia
729,Nama 732,Female,54,269 Kuhn PlazaApt. 260,7315,Cameronport,South Australia,Australia
730,Nama 733,Male,73,3912 D'amore ParadeSuite 481,206,Lake Sienna,Victoria,Australia
731,Nama 734,Male,39,6434 Callum RoadApt. 396,3505,North Jessica,Western Australia,Australia
732,Nama 735,Male,80,905 Stephanie BoulevardApt. 217,8114,Port Aaronton,Queensland,Australia
733,Nama 736,Male,67,35 Hall PlazaSuite 535,8850,East Benjamin,New South Wales,Australia
734,Nama 737,Male,77,145 Glover GroveSuite 556,3608,Tylerburgh,Western Australia,Australia
735,Nama 738,Male,46,8753 Jasper PlaceApt. 474,6248,Port Alanamouth,Queensland,Australia
736,Nama 739,Female,55,18 Eve LaneApt. 011,2962,Doylebury,Victoria,Australia
737,Nama 740,Male,60,868 Skye MeadowSuite 990,1762,Harveyside,Tasmania,Australia
738,Nama 741,Male,55,261 Savannah IslandSuite 304,5450,Hollyfort,Northern Territory,Australia
739,Nama 742,Female,57,09 Jesse ParadeApt. 250,1335,East Matthewville,New South Wales,Australia
740,Nama 743,Male,73,7490 Lily WaySuite 419,531,Port Molly,Tasmania,Australia
741,Nama 744,Female,60,19 Roberts GroveSuite 946,2422,Hallshire,New South Wales,Australia
742,Nama 745,Male,44,275 Maddison Estate DrApt. 642,8642,Port Aliview,Western Australia,Australia
743,Nama 746,,57,09 Christopher StreetSuite 967,6226,Lake Lukemouth,Western Australia,Australia
744,Nama 747,Male,79,440 Ernser GroveApt. 463,9828,East Zoeshire,Northern Territory,Australia
745,Nama 748,Male,31,15 Bruen SummitApt. 152,526,North Matthewfort,Northern Territory,Australia
746,Nama 749,Female,32,75 Ali IslandSuite 270,2913,Sarahland,Victoria,Australia
747,Nama 750,Male,25,9018 Paige WayApt. 282,4037,Lake Gabriella,Victoria,Australia
748,Nama 751,Female,77,4884 Piper StreetSuite 926,5104,South James,Queensland,Australia
749,Nama 752,Male,27,473 Hayden RidgeSuite 847,4298,Anthonychester,Tasmania,Australia
750,Nama 753,Male,42,4155 Hughes RidgeApt. 624,7850,Baumbachton,Victoria,Australia
751,Nama 754,Male,39,379 Darcy Estate DrApt. 192,8869,West Anthony,Australian Capital Territory,Australia
752,Nama 755,Male,42,2123 Rolfson DriveSuite 887,4665,North Joshuafurt,Victoria,Australia
753,Nama 756,Male,48,858 James CrestApt. 685,7077,East Jessica,Victoria,Australia
754,Nama 757,Male,74,94 Hayden LaneSuite 912,1488,Lake Jesse,New South Wales,Australia
755,Nama 758,Female,79,04 Dare TerraceSuite 650,9976,West Aaron,New South Wales,Australia
756,Nama 759,Female,34,048 Alexander WayApt. 030,6440,Quinnfort,Western Australia,Australia
757,Nama 760,Male,31,1033 Botsford Estate DrSuite 236,4773,East Xavier,New South Wales,Australia
758,Nama 761,Male,44,96 Bode RidgeApt. 090,697,East Madison,New South Wales,Australia
759,Nama 762,Female,30,8867 Wolf TrailApt. 295,5234,Noahtown,Northern Territory,Australia
760,Nama 763,Male,49,9067 Madeline IslandApt. 368,5781,New Ivy,South Australia,Australia
761,Nama 764,Male,52,080 Tahlia LaneApt. 450,3739,West Aidanton,Victoria,Australia
762,Nama 765,Male,43,07 Lily LoopSuite 494,8719,South Codyhaven,Tasmania,Australia
763,Nama 766,Male,37,2623 Sarah IslandSuite 572,3568,Townetown,Victoria,Australia
764,Nama 767,Male,32,05 Fahey CircleSuite 721,9998,Hettingerfort,Western Australia,Australia
765,Nama 768,Male,59,8580 Moss RoadApt. 681,751,Eveside,New South Wales,Australia
766,Nama 769,Male,66,6979 Mason ParadeSuite 820,2658,Port Haydenstad,New South Wales,Australia
767,Nama 770,Male,37,69 Sebastian Estate DrSuite 727,6349,West Kai,South Australia,Australia
768,Nama 771,Male,52,11 Joel CircuitSuite 126,1876,Port Isabel,Northern Territory,Australia
769,Nama 772,Male,21,1621 Marcus MeadowApt. 603,8190,West Grace,Australian Capital Territory,Australia
770,Nama 773,Male,50,7024 Sauer DriveSuite 553,4196,Port Isabelle,South Australia,Australia
771,Nama 774,,74,7367 Wright JunctionApt. 773,8882,Kuhntown,Victoria,Australia
772,Nama 775,Male,71,4207 Hudson CrescentSuite 167,2915,Oscarberg,South Australia,Australia
773,Nama 776,Male,55,0398 Jayden TrailApt. 929,4177,Thomasborough,New South Wales,Australia
774,Nama 777,Male,34,2096 Wilson MewsApt. 714,8590,West Jonathanshire,Tasmania,Australia
775,Nama 778,Male,56,868 Jonathan TrackApt. 142,8274,East Charlesfurt,Northern Territory,Australia
776,Nama 779,Male,24,3744 Max PlaceApt. 109,8348,Harveyville,Australian Capital Territory,Australia
777,Nama 780,Female,50,7709 Ellie GroveSuite 872,2616,South Callum,New South Wales,Australia
778,Nama 781,Male,20,33 Hamish ParkwayApt. 423,2902,Blakemouth,Northern Territory,Australia
742,Nama 782,Male,44,275 Maddison Estate DrApt. 642,8642,Port Aliview,Western Australia,Australia
779,Nama 783,Male,20,63 Willow Estate DrSuite 657,4604,Clarkeburgh,South Australia,Australia
780,Nama 784,Male,55,60 Claudia LaneSuite 183,1702,Caitlinview,Victoria,Australia
781,Nama 785,Male,36,2785 Morgan BoulevardApt. 849,6220,Madisonland,Victoria,Australia
782,Nama 786,Male,39,67 Ivy MewsApt. 446,2423,Schroedermouth,Queensland,Australia
783,Nama 787,Female,49,49 Lily RidgeSuite 143,4250,North Avabury,South Australia,Australia
784,Nama 788,Male,76,01 Monahan CircuitApt. 686,8631,Lake Kiara,Victoria,Australia
785,Nama 789,Male,54,82 Beahan BoulevardSuite 281,2683,Port Adamburgh,Northern Territory,Australia
786,Nama 790,Male,23,145 Abigail SummitApt. 514,4731,Graceville,New South Wales,Australia
787,Nama 791,Female,31,9871 Bailey SquareApt. 697,1417,Davidshire,South Australia,Australia
788,Nama 792,Male,71,953 Durgan GroveApt. 655,6876,Phoebeberg,Queensland,Australia
789,Nama 793,Male,36,638 Thomas ManorApt. 038,1438,Aliceland,Western Australia,Australia
790,Nama 794,Male,67,107 Wilkinson ParkwaySuite 249,6313,Nathanfort,Australian Capital Territory,Australia
791,Nama 795,Male,34,3285 Kai MewsApt. 727,8839,Elijahshire,Queensland,Australia
792,Nama 796,Male,56,76 Kiara RidgeSuite 741,4363,New Marcusmouth,Western Australia,Australia
793,Nama 797,Male,70,7120 Piper Station StSuite 874,7795,Lake Rose,Western Australia,Australia
794,Nama 798,Male,72,14 Clark PlazaSuite 716,9751,Port Anna,South Australia,Australia
795,Nama 799,,49,487 Summer MewsApt. 874,1712,East Hayden,Australian Capital Territory,Australia
796,Nama 800,Male,26,082 Donnelly BoulevardSuite 569,7192,New Leah,Queensland,Australia
797,Nama 801,Female,32,6472 Georgia CircuitApt. 986,6714,Marcusshire,Queensland,Australia
798,Nama 802,,56,27 Aiden KnollApt. 875,6531,Port Sam,Australian Capital Territory,Australia
799,Nama 803,Male,67,401 Langworth CircuitSuite 015,8786,South Levi,New South Wales,Australia
800,Nama 804,Male,49,3570 Sarah AvenueApt. 092,4505,Daughertyport,Queensland,Australia
801,Nama 805,Female,64,843 Goodwin MewsApt. 699,3128,Blakeborough,Australian Capital Territory,Australia
802,Nama 806,Female,72,26 Martin RoadSuite 393,749,Imogenmouth,Northern Territory,Australia
803,Nama 807,Male,68,7377 Nicolas ParadeApt. 191,8377,Amyton,Australian Capital Territory,Australia
804,Nama 808,Male,58,081 Spencer CrestApt. 246,8746,New Isabellamouth,New South Wales,Australia
805,Nama 809,Male,59,3792 Beatty MewsSuite 077,9609,Port Holly,Australian Capital Territory,Australia
806,Nama 810,Male,79,865 Ivy TrailSuite 324,1265,New Joshuaview,Tasmania,Australia
807,Nama 811,Male,26,80 Adam HillSuite 633,953,Tylershire,Queensland,Australia
808,Nama 812,Male,35,4277 Ryan IslandSuite 792,4197,Robertstown,Western Australia,Australia
809,Nama 813,Male,76,443 Holly AvenueSuite 631,8563,South Tyler,Tasmania,Australia
810,Nama 814,Male,21,93 Anna TerraceSuite 700,2355,South Maxland,Australian Capital Territory,Australia
811,Nama 815,Male,72,244 Amber RunApt. 584,1781,Stantonborough,Tasmania,Australia
812,Nama 816,Male,28,958 Connor MewsSuite 524,3736,Lucyport,Western Australia,Australia
813,Nama 817,Male,62,82 Kirlin StreetSuite 641,372,Tillmanview,New South Wales,Australia
814,Nama 818,Male,46,750 Anderson ManorSuite 463,7741,Georgiachester,Northern Territory,Australia
815,Nama 819,Female,34,063 Joseph CrestSuite 060,8626,Port Jonathanchester,South Australia,Australia
816,Nama 820,Male,23,74 Justin SummitSuite 427,7131,Kaifort,Victoria,Australia
817,Nama 821,Male,45,887 Goldner PlazaSuite 053,2166,Johnsonstad,Tasmania,Australia
818,Nama 822,Male,59,5085 Bergstrom MewsApt. 347,3302,West Eviebury,Western Australia,Australia
819,Nama 823,Male,56,0486 Connelly MeadowApt. 273,246,West Heidiberg,Queensland,Australia
820,Nama 824,Male,26,10 Imogen PassSuite 135,8014,Alexanderland,Queensland,Australia
821,Nama 825,Male,74,063 Huel StreetApt. 758,4607,Haleybury,Australian Capital Territory,Australia
822,Nama 826,,59,41 Jenkins KnollSuite 438,2588,Lake Andrewport,South Australia,Australia
823,Nama 827,Male,41,02 Adams ManorSuite 241,4450,South Jaydenfort,Queensland,Australia
824,Nama 828,Male,45,66 Dietrich HillSuite 573,2025,Avamouth,Tasmania,Australia
825,Nama 829,Male,46,271 Ava MewsApt. 686,9750,Thomaschester,Tasmania,Australia
826,Nama 830,Male,55,868 Andrew SquareApt. 603,3216,Cooperton,Western Australia,Australia
827,Nama 831,Male,37,2813 Hall ParkwaySuite 251,9243,Lake Alicefurt,Tasmania,Australia
828,Nama 832,Female,57,381 Matthew Estate DrSuite 656,6351,East Zacharystad,Queensland,Australia
829,Nama 833,Male,39,4399 Stephanie JunctionSuite 829,6924,Baumbachtown,Victoria,Australia
830,Nama 834,Male,46,653 Jones AvenueApt. 945,6477,New Ruby,South Australia,Australia
831,Nama 835,Male,30,606 Luca ManorSuite 748,8558,Lake Dylanside,South Australia,Australia
832,Nama 836,Male,37,98 Morgan RidgeApt. 342,4181,East Hamish,Australian Capital Territory,Australia
833,Nama 837,Male,27,2376 Adams SquareSuite 443,8559,Jaspermouth,Western Australia,Australia
834,Nama 838,Male,61,4838 Jacobi HillApt. 825,2848,Port Ellaside,New South Wales,Australia
835,Nama 839,Male,25,69 Morissette AvenueSuite 269,6147,North Lachlanfurt,South Australia,Australia
836,Nama 840,Male,29,164 David View RdApt. 020,3342,Ryanberg,Queensland,Australia
837,Nama 841,Male,53,374 Amelia ParkwaySuite 088,8542,New Marcusmouth,Northern Territory,Australia
838,Nama 842,Male,44,7347 Windler MallSuite 441,5552,South Stephaniebury,New South Wales,Australia
839,Nama 843,Female,20,18 Patrick RidgeApt. 675,9673,Georgeshire,Northern Territory,Australia
840,Nama 844,Male,25,86 Crooks CrescentSuite 269,9366,Islamouth,Western Australia,Australia
841,Nama 845,Male,23,865 Patel RoadSuite 457,9273,Kulasmouth,Western Australia,Australia
842,Nama 846,Male,70,735 Goldner AvenueSuite 768,8388,Port Kiara,Western Australia,Australia
843,Nama 847,Male,23,201 Anthony TerraceSuite 543,6272,Lake Addisonland,South Australia,Australia
844,Nama 848,Male,63,19 Harrison CrestSuite 331,2754,Alexandraville,South Australia,Australia
845,Nama 849,Male,53,024 Anthony TrackSuite 419,51,Hallbury,South Australia,Australia
846,Nama 850,Male,72,69 Michael PlazaApt. 659,6634,Davidtown,Victoria,Australia
847,Nama 851,Male,61,0479 Oliver View RdApt. 112,722,Zacville,Western Australia,Australia
848,Nama 852,Male,38,954 Jade PassSuite 344,1092,Port Sofia,Victoria,Australia
849,Nama 853,Male,29,22 Welch DriveSuite 750,8453,Lake Gabrielview,New South Wales,Australia
850,Nama 854,Male,55,1488 Kuhn AvenueApt. 525,9923,Lillianside,New South Wales,Australia
851,Nama 855,Male,71,71 Joseph TrailApt. 169,6648,North Emmashire,Australian Capital Territory,Australia
852,Nama 856,Male,67,079 Chase MallApt. 902,8460,O'connertown,Tasmania,Australia
808,Nama 857,Male,35,4277 Ryan IslandSuite 792,4197,Robertstown,Western Australia,Australia
853,Nama 858,Male,54,614 Cooper RunSuite 917,8343,Siennabury,New South Wales,Australia
854,Nama 859,Female,74,8360 Poppy SummitSuite 841,6775,Walkertown,Victoria,Australia
855,Nama 860,,55,603 O'keefe KnollSuite 782,8822,Port Dylanmouth,Tasmania,Australia
856,Nama 861,Male,34,41 Toby TrailSuite 244,5925,North Jacksonstad,Northern Territory,Australia
857,Nama 862,Male,27,2245 Heathcote RidgeApt. 525,661,West Joelmouth,Western Australia,Australia
858,Nama 863,Male,59,8448 Jack CircleSuite 857,6955,North Thomas,Northern Territory,Australia
859,Nama 864,,38,32 Isla GroveApt. 078,7711,Rosechester,New South Wales,Australia
860,Nama 865,Male,66,55 O'connell SummitSuite 045,5953,Kaiside,Australian Capital Territory,Australia
861,Nama 866,Male,44,072 Annabelle TerraceSuite 694,8739,Lucyburgh,Queensland,Australia
862,Nama 867,Female,63,091 Robertson TrackSuite 381,3976,North Holly,Tasmania,Australia
863,Nama 868,Male,64,89 Daniel MeadowApt. 144,2721,Charliborough,Australian Capital Territory,Australia
864,Nama 869,Male,45,1262 Jacobs Station StApt. 440,8508,New Logan,Victoria,Australia
865,Nama 870,Male,44,97 Rowe CrestApt. 828,6913,North Riley,Victoria,Australia
866,Nama 871,Male,29,247 Lilly LoopSuite 186,2520,Jaydenview,South Australia,Australia
867,Nama 872,Male,36,68 Doyle View RdSuite 917,757,Port Davidburgh,Tasmania,Australia
868,Nama 873,Male,28,682 Alyssa CrestApt. 916,8448,New Charlieville,Western Australia,Australia
869,Nama 874,Male,26,950 Smith DriveApt. 385,6534,New Jackson,South Australia,Australia
870,Nama 875,Male,49,81 Heidi MeadowSuite 615,201,Lake Ashleyhaven,Queensland,Australia
871,Nama 876,Male,48,174 Thomson StreetSuite 883,3471,Port Joshualand,Western Australia,Australia
872,Nama 877,Male,74,17 Beatty Station StApt. 918,7892,West Lukeshire,New South Wales,Australia
873,Nama 878,Male,38,5538 Jett MallSuite 854,5510,Samanthatown,Western Australia,Australia
874,Nama 879,Male,65,20 Hyatt LaneSuite 740,3840,South Zacmouth,Western Australia,Australia
875,Nama 880,Male,49,794 Jett RunApt. 924,5578,North Williamchester,Western Australia,Australia
876,Nama 881,Male,20,2352 Kutch ParkwayApt. 436,6148,New Aidenfurt,Northern Territory,Australia
877,Nama 882,Female,35,94 Aiden LaneApt. 650,9819,West Lucyview,Northern Territory,Australia
878,Nama 883,Male,54,478 Amy RunSuite 042,5733,Lake William,Victoria,Australia
879,Nama 884,Male,45,5519 Fay BoulevardApt. 838,2370,Cummingsstad,Australian Capital Territory,Australia
880,Nama 885,Male,41,8674 Hermiston CrestApt. 615,27,North Aaronborough,Tasmania,Australia
881,Nama 886,Male,74,30 Tyler GroveSuite 455,6912,East Andrewborough,Australian Capital Territory,Australia
882,Nama 887,Male,43,46 Gemma BoulevardSuite 507,4847,Kiehnfurt,South Australia,Australia
883,Nama 888,Male,43,8557 Samantha GroveApt. 570,5255,Beahantown,South Australia,Australia
884,Nama 889,Male,43,6601 Grimes CircuitApt. 442,7147,Macdonaldtown,Northern Territory,Australia
885,Nama 890,Male,60,43 Mia TrailSuite 263,8571,North Nateland,South Australia,Australia
886,Nama 891,Male,69,133 Doyle PassSuite 027,6189,Thompsonport,Northern Territory,Australia
887,Nama 892,Male,61,4493 Doyle WayApt. 026,1411,South Emilyborough,Victoria,Australia
888,Nama 893,Male,22,184 Joshua CrestApt. 140,968,Ellieland,Northern Territory,Australia
889,Nama 894,Male,69,709 Abigail ParadeApt. 339,4557,Beahanport,Northern Territory,Australia
890,Nama 895,Female,71,6664 Emmerich ParkwaySuite 596,604,South Taylorside,New South Wales,Australia
891,Nama 896,Male,52,49 Cooper RoadApt. 799,4245,Port Emmamouth,Western Australia,Australia
892,Nama 897,Male,44,251 Graham KnollSuite 970,6702,West Annaton,Australian Capital Territory,Australia
893,Nama 898,Male,57,9838 Madison GroveApt. 181,9608,Port Jettshire,Western Australia,Australia
894,Nama 899,Male,28,99 Hermiston PlaceSuite 166,3854,New Mitchell,New South Wales,Australia
895,Nama 900,Male,37,6873 Berge StreetApt. 755,6795,Lake Bellahaven,Queensland,Australia
896,Nama 901,Male,67,985 Nguyen TerraceApt. 362,7737,Ryanberg,South Australia,Australia
897,Nama 902,Male,76,8325 Molly ParkwaySuite 440,1540,Dickinsonside,Queensland,Australia
898,Nama 903,Male,41,99 Sophia TrailApt. 477,3377,Angelinaport,New South Wales,Australia
899,Nama 904,Male,42,599 Erdman StreetSuite 439,9082,South Xaviermouth,South Australia,Australia
900,Nama 905,Male,22,93 Amy GroveApt. 822,9455,East Emily,Tasmania,Australia
901,Nama 906,Male,59,96 Chelsea CrescentApt. 398,6252,Naderborough,Victoria,Australia
902,Nama 907,Male,58,695 Zara TerraceApt. 843,5922,West Laurenstad,Tasmania,Australia
808,Nama 908,Male,35,4277 Ryan IslandSuite 792,4197,Robertstown,Western Australia,Australia
903,Nama 909,Male,48,9694 Nathan TrailApt. 206,2370,Walkerfurt,New South Wales,Australia
904,Nama 910,Male,48,9585 Bogan PlazaSuite 155,9829,West Dylanport,Tasmania,Australia
905,Nama 911,Male,53,5690 Xavier ParkwaySuite 592,4786,Port Benjamin,Victoria,Australia
906,Nama 912,Male,74,748 Lucas WayApt. 482,3515,Ebertfurt,Australian Capital Territory,Australia
907,Nama 913,Female,43,13 Ivy TerraceSuite 494,628,North Caitlin,South Australia,Australia
908,Nama 914,Male,42,69 Sophie PlazaSuite 598,3603,South Alexandraview,Queensland,Australia
909,Nama 915,,62,976 Murray Station StApt. 036,3227,Langfort,Tasmania,Australia
910,Nama 916,Male,67,880 O'neill StreetSuite 066,7783,Scarlettfort,New South Wales,Australia
911,Nama 917,Male,41,54 Kulas HillSuite 679,2232,Mackenziechester,Northern Territory,Australia
912,Nama 918,Male,60,501 Nader RidgeApt. 355,7229,West John,Tasmania,Australia
913,Nama 919,Male,27,491 Xavier DriveApt. 676,9572,Port Hunter,New South Wales,Australia
914,Nama 920,Male,39,7571 Nolan CrestSuite 040,7531,South Alexview,South Australia,Australia
915,Nama 921,Male,70,9738 Liam RoadApt. 424,9647,Lukefort,Australian Capital Territory,Australia
916,Nama 922,Male,24,06 Leah RoadSuite 691,4485,West Benjaminberg,Australian Capital Territory,Australia
917,Nama 923,Male,36,2475 Cox CrestSuite 319,3806,North Charlesland,Western Australia,Australia
918,Nama 924,Male,69,056 Khan RidgeSuite 131,1328,Violetstad,Australian Capital Territory,Australia
919,Nama 925,Male,64,443 Jesse MewsApt. 726,24,New Imogen,Queensland,Australia
920,Nama 926,Male,72,733 Oliver WaySuite 667,3992,Rutherfordville,Northern Territory,Australia
921,Nama 927,Male,73,1189 Hettinger SummitSuite 723,1758,Port Zoeborough,Australian Capital Territory,Australia
922,Nama 928,Male,53,048 Kayla RoadSuite 099,839,Jordanburgh,Victoria,Australia
923,Nama 929,Female,54,2122 Justin ParadeSuite 548,119,West Victoriabury,Australian Capital Territory,Australia
924,Nama 930,Female,58,2937 Lockman TrackSuite 047,4569,South Ellieburgh,Queensland,Australia
925,Nama 931,Male,70,6939 Isabelle Station StApt. 204,3707,Andersonchester,New South Wales,Australia
926,Nama 932,Male,68,5855 Isaac RunApt. 434,3662,East Jasper,Northern Territory,Australia
927,Nama 933,Male,61,868 Eliza CrescentSuite 085,1341,Ryanfurt,Victoria,Australia
928,Nama 934,Male,63,5014 Gemma ParadeSuite 066,1048,Haydentown,Australian Capital Territory,Australia
929,Nama 935,,68,394 Lily HillSuite 153,2353,Beahanfurt,Northern Territory,Australia
930,Nama 936,Male,66,2771 Nader LoopSuite 372,9412,Goodwinview,Tasmania,Australia
931,Nama 937,Male,59,860 Morgan WayApt. 784,6089,Rubyburgh,Queensland,Australia
932,Nama 938,Male,21,766 Nicholas HillSuite 869,3265,Borerfort,Western Australia,Australia
933,Nama 939,Male,36,76 Thomas ParkwaySuite 490,4468,Port Lillianside,South Australia,Australia
934,Nama 940,Female,44,4434 Kreiger AvenueSuite 428,3395,Aaronbury,Northern Territory,Australia
935,Nama 941,Male,30,09 Baumbach LoopSuite 059,2273,Lake Oliverberg,New South Wales,Australia
936,Nama 942,Male,77,562 Mann MeadowApt. 977,2372,Huelfort,Australian Capital Territory,Australia
937,Nama 943,Male,70,933 Jake CrestSuite 613,1824,Schneiderstad,New South Wales,Australia
938,Nama 944,Male,21,3018 Gleason CircleApt. 312,4091,Ebertport,Northern Territory,Australia
939,Nama 945,Male,39,078 Eli CourtApt. 580,110,East Gemma,Australian Capital Territory,Australia
940,Nama 946,Male,46,835 Mayer ParkwaySuite 374,9769,Harberview,Tasmania,Australia
941,Nama 947,Female,59,617 Morrison CrescentSuite 793,105,Farrellchester,New South Wales,Australia
942,Nama 948,Male,45,040 Patrick Estate DrApt. 254,5149,North Nicholaston,Victoria,Australia
943,Nama 949,,64,3117 Heller PlaceSuite 149,822,North Elijah,South Australia,Australia
943,Nama 950,Male,64,3117 Heller PlaceSuite 149,822,North Elijah,South Australia,Australia
944,Nama 951,Male,36,409 Alyssa CourtApt. 204,8196,Walterland,Victoria,Australia
945,Nama 952,Male,48,8307 Matthew GroveSuite 475,3606,Stantonmouth,Australian Capital Territory,Australia
946,Nama 953,,24,8227 Nicholas HillSuite 150,115,South Jasper,Queensland,Australia
947,Nama 954,Male,74,23 Smith StreetSuite 253,9260,South Charles,New South Wales,Australia
948,Nama 955,Male,37,55 Anthony BoulevardApt. 474,8727,Corkeryshire,Tasmania,Australia
949,Nama 956,Male,26,9450 West AvenueSuite 021,2267,Marvinstad,Australian Capital Territory,Australia
950,Nama 957,Male,43,3414 Mia MallApt. 446,3051,Bergefort,Victoria,Australia
951,Nama 958,Male,66,62 Jonathan CrestSuite 012,8840,New Mollystad,Tasmania,Australia
952,Nama 959,Female,45,268 Bayer SquareApt. 041,7392,Michaelfurt,Northern Territory,Australia
953,Nama 960,Male,69,056 Mason CourtApt. 899,4688,Port Zacharyfurt,South Australia,Australia
954,Nama 961,Male,69,424 Howell GroveApt. 432,8605,Lake Evemouth,South Australia,Australia
955,Nama 962,Male,57,16 Mitchell RidgeApt. 501,5443,Lake Owenfurt,Australian Capital Territory,Australia
956,Nama 963,Male,20,408 Logan View RdApt. 841,6905,New Alexchester,New South Wales,Australia
957,Nama 964,Male,75,5215 Mitchell TrackSuite 778,4220,Samanthaberg,South Australia,Australia
958,Nama 965,Male,58,20 Michael GroveApt. 104,1321,North Molly,Northern Territory,Australia
959,Nama 966,Male,57,03 Madison BoulevardApt. 037,5135,Port Taylor,Western Australia,Australia
960,Nama 967,Prefer not to say,71,89 Nate JunctionSuite 474,1281,East Luke,Victoria,Australia
961,Nama 968,Prefer not to say,700,29 Farrell ParadeSuite 818,6528,New Joseph,South Australia,Australia
962,Nama 969,Prefer not to say,45,854 Aiden LoopSuite 778,5077,Hermistonton,Western Australia,Australia
963,Nama 970,Prefer not to say,47,639 Emard PlaceSuite 924,1331,West Luke,Northern Territory,Australia
964,Nama 971,Prefer not to say,30,179 Harris CrestSuite 209,6192,Harrisshire,Australian Capital Territory,Australia
965,Nama 972,Prefer not to say,75,4627 Paige KnollApt. 635,5542,New Callumtown,Western Australia,Australia
966,Nama 973,Female,63,419 Logan CircuitApt. 206,2732,South Heidi,Western Australia,Australia
967,Nama 974,Prefer not to say,58,77 Evie MeadowSuite 458,6624,West Benjaminchester,Queensland,Australia
968,Nama 975,Male,60,83 Doherty MeadowApt. 441,4274,Beahanberg,Australian Capital Territory,Australia
969,Nama 976,Prefer not to say,77,08 Howe BoulevardApt. 286,9561,West Stella,South Australia,Australia
970,Nama 977,Prefer not to say,44,967 Skye DriveApt. 746,7005,Lake Lincoln,Queensland,Australia
971,Nama 978,Prefer not to say,27,135 Ella RunApt. 424,4268,East Chasehaven,Queensland,Australia
972,Nama 979,Prefer not to say,24,789 Heaney CircuitSuite 586,7625,Lake Ellie,South Australia,Australia
973,Nama 980,Female,60,6724 Little SummitApt. 635,9528,West Callumside,Tasmania,Australia
974,Nama 981,Prefer not to say,66,00 Willow PlazaApt. 126,392,South Xavierport,South Australia,Australia
975,Nama 982,Male,43,95 Violet CrestSuite 006,2849,Callumburgh,Queensland,Australia
976,Nama 983,Prefer not to say,68,8918 Sienna TerraceSuite 060,4578,New Charlotteville,Australian Capital Territory,Australia
977,Nama 984,Prefer not to say,34,9726 Eliza GroveApt. 938,3164,East Sophia,Queensland,Australia
978,Nama 985,Prefer not to say,71,26 Claudia MeadowSuite 065,7819,Johnsonhaven,Australian Capital Territory,Australia
979,Nama 986,Prefer not to say,69,9009 Beahan ParadeApt. 299,8802,North Zoeside,Northern Territory,Australia
980,Nama 987,Prefer not to say,35,317 Sophia MewsApt. 328,5926,Isaacberg,South Australia,Australia
981,Nama 988,Prefer not to say,47,78 Ryan TrackSuite 283,2064,Hannahberg,Australian Capital Territory,Australia
982,Nama 989,Prefer not to say,63,373 Lucas LaneSuite 840,6334,South Amelie,New South Wales,Australia
983,Nama 990,Prefer not to say,26,520 Angus TrailApt. 975,2105,North Scarlett,New South Wales,Australia
984,Nama 991,Female,57,011 Bosco JunctionSuite 765,5603,North Mackenzieborough,Northern Territory,Australia
985,Nama 992,Male,72,997 Harrison KnollSuite 735,6621,Boscoville,Victoria,Australia
986,Nama 993,Prefer not to say,38,1853 Dickens LaneSuite 406,2972,Turcottetown,Australian Capital Territory,Australia
987,Nama 994,Prefer not to say,70,900 Jade AvenueApt. 206,5958,Thompsonbury,New South Wales,Australia
988,Nama 995,,35,1130 Turner Estate DrSuite 925,9386,New Harry,Western Australia,Australia
989,Nama 996,Prefer not to say,53,9003 Gemma RidgeApt. 954,698,Stewartland,Australian Capital Territory,Australia
990,Nama 997,Prefer not to say,38,4199 Glover CircleApt. 446,2430,Glovershire,South Australia,Australia
991,Nama 998,Prefer not to say,30,8164 Stanton IslandApt. 438,4952,North Andrew,Tasmania,Australia
992,Nama 999,Female,39,12 Daugherty ParadeApt. 846,2358,Lake Oliviatown,Queensland,Australia
993,Nama 1000,Prefer not to say,24,327 Abby CircleApt. 055,536,Michaelberg,Victoria,Australia
994,Nama 1001,Female,53,3128 Ivy CircleSuite 713,508,Hallshire,Western Australia,Australia
995,Nama 1002,Prefer not to say,63,19 Jordan Station StSuite 655,3742,Hermistonberg,Western Australia,Australia
996,Nama 1003,Prefer not to say,59,0433 Armstrong HillSuite 974,7613,Lake Danielland,Tasmania,Australia
997,Nama 1004,Prefer not to say,30,04 Howell PassSuite 209,6950,Ellaborough,Tasmania,Australia
998,Nama 1005,Prefer not to say,32,72 Annabelle PassApt. 446,52,Kohlerberg,Queensland,Australia
999,Nama 1006,Prefer not to say,30,170 Wilson AvenueApt. 577,7849,East Oscarfurt,Western Australia,Australia
1000,Nama 1007,Male,71,1671 Lauren KnollSuite 945,9012,Lake Audreyborough,Tasmania,Australia
